y_true,y_pred
327.55,106.65633
325.89,107.45782
325.75,107.25291
338.32,106.13717
345.3,108.066414
335.59,106.62031
357.62,107.59258
352.99,106.601524
354.7,105.47549
347.27,106.764046
358.35,105.43636
358.42,106.4316
383.16,106.511055
386.48,106.38825
382.85,105.59887
389.55,107.121185
391.44,105.92461
383.76,105.368935
382.56,106.0922
394.77,105.40323
400.87,105.49895
390.41,106.01232
378.55,104.467415
362.3,106.10192
361.56,104.73363
365.03,105.46992
352.94,104.43798
336.19,104.048134
330.08,104.213936
320.51,105.65875
328.87,104.66878
359.51,104.51203
375.07,104.34727
383.61,104.15926
386.94,104.15511
375.47,103.063484
377.18,104.53117
399.52,103.836266
404.42,104.27874
411.57,103.243774
423.2,104.44763
435.79,104.25702
402.15,104.159966
398.82,105.08401
408.9,103.7952
394.8,104.16447
424.44,104.18431
457.33,102.29681
466.06,104.078545
475.37,102.954956
477.89,103.61118
479.0,103.754036
477.75,103.79534
479.75,103.43453
479.36,103.05298
475.26,105.65084
474.6,104.37983
482.28,103.73203
484.83,103.38247
483.34,104.76716
489.66,104.36428
477.59,105.054474
477.43,107.353386
474.88,105.12084
477.76,105.58337
504.25,105.407295
508.52,105.39388
507.82,104.28567
511.15,105.83238
511.57,104.8249
502.5,105.33309
508.29,104.75353
498.08,104.46102
514.04,103.27651
517.24,103.85192
511.98,104.61852
485.24,102.8653
461.46,104.57439
491.8,103.621895
519.71,102.82643
497.01,103.32372
505.97,103.47068
546.66,103.724815
569.64,103.57496
576.37,104.07722
591.06,103.60231
589.37,103.05929
592.58,103.66899
588.87,103.953285
584.65,105.17739
585.44,105.976326
588.78,104.88889
586.67,104.99694
589.33,104.17489
594.92,103.403786
586.23,104.14541
567.29,104.54959
584.72,103.66588
585.69,103.69123
593.85,103.498314
595.81,102.957085
601.09,104.010574
601.73,104.87536
619.41,103.70215
621.55,103.09333
622.21,103.35633
623.9,103.978325
628.52,104.77329
628.78,106.04147
623.09,107.22084
616.8,107.80726
621.59,108.521675
619.32,108.774284
626.5,109.47697
633.71,109.09236
632.0,109.30401
616.76,109.25991
624.51,109.12701
624.82,108.59752
624.09,109.348755
635.81,109.9655
631.46,109.36716
630.69,109.61164
645.16,109.38761
650.88,109.59558
640.81,108.74891
639.8,108.758385
602.72,110.10903
596.55,110.4272
597.26,110.5579
581.14,111.94622
566.34,111.475624
582.36,111.322525
593.98,111.56245
602.27,110.11202
594.99,110.444244
594.15,112.06244
598.07,110.920586
607.96,109.85027
610.86,109.65467
592.19,110.356346
592.94,111.21737
577.36,110.172005
600.16,110.47382
586.95,111.91437
633.02,112.8649
653.15,113.55724
649.16,114.68905
656.14,114.45239
654.97,115.850334
653.7,115.88552
659.26,115.24507
641.61,114.92698
667.6,116.25376
660.62,114.271034
630.23,114.461296
623.68,117.58673
615.33,116.51197
568.18,114.576645
577.06,115.04388
571.24,113.96558
583.42,114.89369
571.59,114.75742
525.14,115.11092
520.22,115.03316
524.58,116.09327
491.77,116.79618
485.72,116.098595
446.18,116.56784
446.26,117.51671
448.9,118.61157
448.06,117.91711
447.25,116.61026
443.97,117.27637
440.67,114.4765
441.46,116.111824
438.89,118.058395
454.43,118.6285
449.46,117.10463
440.17,117.47315
438.82,116.0514
428.96,114.31316
433.48,117.54362
436.4,116.3007
437.76,115.188194
449.38,117.05284
457.76,118.23885
447.64,119.632454
447.21,119.0524
440.29,117.57228
436.39,117.52328
458.6,117.104195
461.45,115.88304
500.46,114.54168
491.3,114.79834
487.92,114.80416
495.77,115.94551
498.17,115.80387
501.57,114.49067
479.64,114.86654
495.96,116.17663
527.4,117.006035
515.59,117.40739
458.79,116.336334
414.06,114.48031
421.12,115.115425
420.95,114.082726
365.18,116.26063
442.73,117.54081
453.09,116.64868
449.42,118.68446
460.5,117.31437
461.91,118.76522
447.53,119.96606
444.72,114.67888
437.14,119.75994
478.38,119.41112
457.0,119.53371
460.27,118.75196
491.17,117.754234
495.67,116.08284
471.24,115.753914
580.83,114.59264
583.92,116.12566
583.41,115.29325
561.27,113.76391
565.04,113.97793
571.49,112.521645
588.77,111.477264
609.89,110.059425
614.83,108.68269
622.37,107.842735
631.11,108.25411
636.12,107.62058
628.8,107.00232
638.14,106.75811
632.1,106.74296
634.11,106.32232
627.79,106.44876
636.96,107.399445
617.45,106.60476
629.15,106.21185
663.86,106.02302
665.51,105.868774
666.78,106.32288
667.76,107.101105
559.79,107.17109
565.61,106.80432
549.26,106.739204
578.77,106.48908
582.69,106.58247
538.71,107.21107
546.32,107.837395
605.82,109.47776
605.42,109.533195
574.16,109.37409
556.14,110.29917
623.03,111.02683
626.6,110.07932
626.27,109.38204
616.63,109.73054
650.92,111.92712
661.99,110.09176
605.24,107.90101
651.72,106.721725
672.17,106.35861
681.03,103.48861
682.9,105.30126
673.92,106.68876
712.4,106.91448
781.55,106.678825
811.91,107.94793
827.96,106.9031
823.83,106.66101
825.37,106.715775
832.58,107.27917
829.92,108.247055
819.03,107.82908
826.0,107.831154
812.51,109.389534
771.39,108.69799
885.28,109.811295
853.61,112.50805
797.07,114.39154
822.04,114.43798
845.59,114.289444
863.91,113.22884
870.2,113.511635
870.96,113.969185
840.0,115.46149
814.64,115.31461
835.63,116.17301
860.9,116.90383
833.27,117.71922
841.2,116.73459
863.22,117.66201
913.95,118.89454
868.48,118.40925
846.86,117.63013
842.72,119.45712
802.0,116.02155
953.29,114.944145
933.53,117.55419
859.51,115.46655
818.72,120.21066
802.39,119.17134
771.4,116.88763
754.01,115.53814
756.13,114.34582
745.05,115.28025
727.83,115.983765
735.07,113.441734
761.98,113.54029
682.21,115.3266
665.58,115.7505
673.41,114.39642
617.18,114.225334
605.66,115.3598
625.32,115.805855
691.96,117.21235
522.7,115.65793
682.12,118.36869
705.97,118.144875
876.12,114.74263
872.6,116.03657
892.58,119.6801
873.26,115.70722
878.48,117.56375
988.51,114.463905
893.19,112.441315
795.87,114.25645
698.23,114.428154
829.45,117.579124
1045.11,113.270485
1151.17,112.86515
1078.28,117.90906
1043.33,117.744835
955.85,112.96611
1129.43,120.272736
1131.97,116.62469
1031.95,106.55224
1001.96,115.01122
928.1,118.2029
799.11,112.68183
774.25,111.516106
797.82,109.02219
771.44,110.607834
722.43,116.13482
590.83,117.43806
584.61,117.01612
703.56,110.51093
492.11,110.583305
440.22,115.898575
417.95,114.065315
420.2,104.449
407.37,107.33979
360.33,115.2659
342.44,115.02642
326.62,115.6305
339.11,110.04631
338.11,104.02048
296.41,110.414314
262.5,115.01733
245.24,115.19246
229.1,116.15966
215.05,118.32753
206.22,117.76554
206.18,115.294365
204.0,119.6874
199.97,118.48111
204.39,113.853836
198.55,116.147545
196.44,123.14593
177.32,119.76289
186.69,120.57867
198.23,120.29232
213.62,118.48336
193.76,115.28034
182.21,118.686104
174.61,118.10122
172.42,114.41715
155.96,115.18664
146.25,112.30445
142.55,113.767456
145.24,111.09509
140.52,115.63121
138.13,110.02616
135.19,106.44324
130.9,114.49327
130.59,117.56411
130.69,117.71513
126.0,109.57985
126.94,106.1613
129.0,102.112114
128.55,105.150185
129.01,106.08421
123.63,108.22169
114.13,98.70617
132.18,101.31066
133.0,105.46225
137.34,106.49099
134.78,109.32177
133.78,112.53661
128.38,112.78872
128.22,109.50434
127.25,116.41659
125.95,117.84969
129.12,121.03121
127.43,117.153305
127.04,116.849464
129.65,118.12873
131.47,113.96258
131.66,111.23502
131.72,109.294266
130.37,107.7844
129.22,104.38888
134.98,102.02175
133.13,102.15713
135.25,101.58622
125.91,103.32673
127.11,103.17219
121.66,104.74554
124.15,105.85032
119.15,105.988365
126.43,105.33401
126.74,104.748726
136.77,103.74172
135.85,104.86608
138.34,101.57769
135.35,102.997444
133.49,95.57467
122.39,97.763756
122.62,94.52888
126.5,96.3823
120.06,99.95264
122.11,102.97576
120.04,99.847534
118.5,95.678665
121.15,93.11341
123.3,92.64442
121.21,82.07468
119.0,83.51901
113.5,84.9392
113.5,79.13562
108.99,78.86862
109.99,74.6054
112.56,75.32205
109.0,74.748146
106.64,78.54802
105.0,74.21955
103.0,68.35583
102.8,79.76798
103.0,81.76172
106.75,82.82901
106.75,72.472725
106.22,67.80122
105.14,69.318085
104.0,84.48786
104.5,84.766716
104.0,83.34769
106.09,80.1245
107.99,75.579895
101.2,72.83638
99.76,72.81725
94.12,71.322014
96.02,79.38796
96.9,82.685745
94.51,71.249664
95.56,81.80602
91.61,83.552925
90.76,84.54542
89.39,75.71998
92.17,83.39704
90.58,74.75922
98.5,83.62007
97.45,89.53484
98.4,84.48286
94.69,75.14594
98.13,66.859314
93.59,68.60875
88.98,69.30973
86.76,75.59384
76.69,70.61394
76.52,83.80373
74.56,85.71109
70.28,86.034355
68.43,85.57835
80.53,84.47957
77.53,74.46791
90.13,68.48176
88.05,67.81499
96.61,76.13295
94.99,78.52911
94.65,68.62173
101.44,75.493256
104.0,70.700035
103.95,72.47338
102.74,80.98309
107.6,82.36524
108.3,70.417915
109.5,69.778946
110.15,70.54747
108.25,71.223236
107.4,72.3055
101.7,74.938835
99.51,78.04134
99.99,70.18184
99.98,71.46355
104.0,73.50346
108.15,73.629715
108.9,73.74499
106.35,75.355965
100.0,81.43375
108.3,78.574745
111.5,74.39567
118.0,73.13341
121.65,72.743706
121.42,74.68396
122.22,77.17318
122.29,82.97361
129.3,73.88116
129.0,71.76137
128.8,72.68881
132.3,75.21204
129.0,75.01958
129.74,77.098724
133.48,72.48696
131.98,74.487976
133.2,77.1014
126.7,76.434326
123.89,78.04525
122.88,77.31646
122.0,80.62214
121.99,81.300125
123.5,78.56037
123.01,76.050575
118.76,76.893105
114.22,74.44964
111.5,76.43645
117.98,76.534485
115.0,76.95972
115.24,81.97448
117.2,81.799515
112.67,89.0698
113.57,85.016556
111.5,87.187965
112.3,87.379036
115.91,88.65934
112.5,80.82372
97.75,83.409645
105.21,77.51047
116.99,81.14799
139.0,77.47644
144.54,79.93811
134.21,79.528595
0.037405,76.28083
0.037917,75.51029
0.038056,81.161156
0.039587,79.80107
0.040425,79.06247
0.041423,78.16319
0.03919,73.4901
0.039049,72.51376
0.036993,73.38359
0.036048,73.821724
0.035588,74.67039
0.038343,75.153725
0.037148,80.75936
0.038406,81.295654
0.041178,75.70003
0.042542,73.32448
0.043802,72.66581
0.045421,79.79872
0.044172,81.72317
0.043974,83.05332
0.043119,82.564186
0.043492,80.653694
0.043767,72.54448
0.043194,81.545525
0.043958,85.926575
0.042445,83.604965
0.042297,81.236595
0.043637,83.235916
0.044956,71.999374
0.044328,80.9358
0.043236,86.433556
0.04193,79.367134
0.042599,77.9948
0.042345,67.56402
0.041636,68.58253
0.041967,71.49176
0.043444,72.79703
0.042363,77.442314
0.042335,82.07592
0.040547,69.0193
0.041246,68.768715
0.037685,69.96522
0.036409,75.24209
0.038816,79.66305
0.03928,73.95329
0.039529,76.90332
0.039225,82.25519
0.038073,70.5059
0.039524,72.86592
0.038741,72.10364
0.039766,80.18222
0.041789,79.649994
0.041325,71.22942
0.040542,71.35405
0.040623,76.355705
0.041661,83.47948
0.042629,86.777306
0.041441,85.68222
0.041672,77.07626
0.039324,81.95787
0.03973,208.01166
0.039667,321.64566
0.038361,370.08392
0.039445,403.08914
0.038507,410.3171
0.038885,421.06937
0.037486,415.16357
0.038827,425.7299
0.039532,423.80356
0.038229,409.43417
0.039396,406.61798
0.037573,418.68802
0.046264,400.22165
0.049111,399.34387
0.051922,403.9158
0.05234,401.52713
0.052504,408.8367
0.053292,421.09622
0.049008,418.7901
0.047071,422.79422
0.046799,410.37543
0.046524,409.96634
0.045753,424.12167
0.045452,410.75784
0.04499,434.88217
0.04651,420.48553
0.046931,399.11636
0.046719,401.9044
0.046198,416.73413
0.044415,426.56436
0.044437,424.74063
0.045517,413.99405
0.046771,422.63113
0.045362,423.83002
0.044543,406.82996
0.04499,405.88254
0.044825,414.0648
0.044697,429.79416
0.045825,424.74374
0.049839,429.36856
0.049697,433.36374
0.049439,421.76883
0.050177,405.24588
0.04979,414.7606
0.04941,410.4697
0.047113,424.97464
0.049195,426.63965
0.050298,408.4484
0.050731,419.4769
0.047393,394.92038
0.046841,400.37244
0.047519,413.7848
0.047,419.85056
0.052561,410.2916
0.052938,406.8578
0.054981,403.46075
0.051981,423.227
0.047641,426.7025
0.05197,431.9986
0.051906,420.9911
0.053369,429.90714
0.05668,427.55588
0.056271,413.45923
0.057763,416.58652
0.057412,430.86383
0.058872,425.98438
0.060152,403.85638
0.059944,413.9361
0.060393,427.6665
0.059474,408.65073
0.059871,398.96826
0.062884,392.10458
0.058664,403.51352
0.059046,403.04312
0.055812,414.0781
0.059466,407.68716
0.061203,414.8667
0.062958,429.4097
0.059787,425.17355
0.058772,422.07877
0.055239,427.43942
0.052052,425.0634
0.059537,419.08032
0.059429,420.935
0.06677,402.7948
0.069754,415.6834
0.065199,406.58444
0.07194,428.7321
0.077993,428.6312
0.080476,418.12857
0.079964,405.99603
0.077335,408.3356
0.076532,424.5638
0.077774,422.22452
0.082998,413.92416
0.081077,414.85693
0.083822,425.84427
0.082098,394.67264
0.090422,399.80655
0.089295,406.2562
0.086449,406.15173
0.09682,419.37314
0.096357,419.8293
0.097719,424.91177
0.096644,430.7203
0.094367,408.01633
0.089562,407.47134
0.087385,418.23154
0.089979,430.34708
0.089148,426.4648
0.093557,414.90457
0.092321,403.7023
0.091683,402.43372
0.090619,404.8707
0.089739,406.7891
0.096525,426.29648
0.087965,423.59073
0.085537,409.85342
0.07947,412.18048
0.084213,400.75708
0.085807,401.6804
0.083472,411.902
0.083438,403.10403
0.082486,414.8027
0.088708,402.85684
0.096578,406.72855
0.090533,414.32767
0.089441,405.93417
0.08451,426.89453
0.090867,408.75677
0.092815,408.56943
0.091695,427.8514
0.086014,429.81406
0.080502,425.37332
0.080869,403.5513
0.08069,405.7996
0.077955,406.62585
0.084617,426.79855
0.084848,425.50446
0.086996,430.14978
0.079104,420.02896
0.08326,403.5089
0.088161,405.48102
0.093951,401.6913
0.084505,409.41064
0.073072,421.26736
0.070086,402.56076
0.075171,405.9379
0.063428,407.7959
0.061691,417.96988
0.064606,420.01584
0.064036,422.6217
0.06678,407.34854
0.066146,403.21515
0.06688,415.697
0.069858,402.93082
0.068579,406.69162
0.069014,402.11484
0.070346,398.1294
0.064631,415.59842
0.068591,410.5581
0.070196,409.60974
0.069219,427.50137
0.069244,427.87015
0.072645,424.88577
0.074524,411.40268
0.07804,414.67047
0.074106,402.79224
0.076506,415.34518
0.0795,421.59644
0.081775,430.13297
0.083074,409.67
0.083783,406.5043
0.082307,435.2626
0.084643,428.16806
0.083731,428.7097
0.083463,410.84906
0.083385,412.34293
0.089964,425.28146
0.083749,413.28622
0.087009,412.26694
0.090484,391.67422
0.090289,402.42538
0.091226,420.6476
0.08737,422.0186
0.090723,416.2808
0.085467,406.4908
0.07233,434.55832
0.069746,428.3422
0.071739,421.2756
0.071289,431.3938
0.065828,411.74786
0.067595,405.90518
0.06237,414.85538
0.059025,406.5104
0.061704,428.97766
0.063781,411.7297
0.058062,398.45816
0.0529,410.37253
0.053891,433.0491
0.052594,429.7541
0.050452,423.89172
0.050207,416.25854
0.051621,431.00372
0.050077,418.33176
0.048055,406.52695
0.04659,409.98996
0.047397,410.3488
0.047633,409.76724
0.045698,401.47723
0.046728,404.46805
0.042664,424.35092
0.042944,431.42874
0.042843,407.0083
0.043212,408.47192
0.040602,420.52686
0.042312,402.74954
0.042838,407.46118
0.043279,399.13168
0.043123,410.50894
0.04327,425.83658
0.043304,407.26706
0.044043,406.31857
0.042456,404.169
0.048593,407.28635
0.046163,417.5333
0.044969,409.56738
0.047551,408.40512
0.046158,411.97418
0.045605,425.8473
0.041452,408.55276
0.041026,393.67838
0.0406,423.16293
0.04054,405.49405
0.041118,404.48392
0.041751,410.07193
0.041733,416.59213
0.04283,426.7739
0.041058,405.987
0.040751,435.27164
0.036396,431.6216
0.036663,423.4217
0.037896,413.88654
0.037857,424.25507
0.038029,425.2044
0.039317,418.95676
0.038678,431.41177
0.038374,423.82718
0.039656,410.60104
0.038251,416.6075
0.038772,430.96005
0.041168,427.48553
0.042649,421.21573
0.042691,429.5552
0.043027,424.82584
0.0429,415.51187
0.043578,409.6071
0.042937,426.62286
0.043477,427.9878
0.04575,423.6045
0.044316,418.72864
0.045318,426.24338
0.044777,428.4067
0.04281,420.03162
0.044059,434.01382
0.040241,420.43448
0.043704,427.52902
0.044147,427.65286
0.044529,426.3674
0.052169,409.63278
0.048525,410.69943
0.047996,404.90805
0.049261,415.73032
0.044701,420.52756
0.043812,408.19522
0.042682,409.27942
0.045258,395.03885
0.042547,395.09506
0.041063,417.70248
0.04328,413.66714
0.041508,403.77283
0.041862,417.63858
0.036944,435.19373
0.041198,435.4585
0.041511,424.31796
0.045716,424.65866
0.04423,419.40652
0.042009,405.23367
0.040796,415.7949
0.039401,402.35934
0.034545,414.17123
0.034735,429.47223
0.032824,432.86185
0.029103,433.07938
0.028274,420.436
0.028358,408.50522
0.02919,413.77176
0.030609,406.4956
0.029551,405.47818
0.030203,421.74536
0.031693,407.62082
0.030678,408.89395
0.029864,428.07693
0.030798,405.6006
0.034251,396.0332
0.037699,402.72623
0.038671,411.20706
0.041672,404.99734
0.041468,409.10248
0.038916,417.7228
0.041866,423.16278
0.042021,401.22726
0.036461,398.65518
0.035806,416.5101
0.037725,406.4717
0.038458,424.0535
0.043412,426.95493
0.044255,422.282
0.04778,433.36914
0.044777,406.80872
0.052582,412.16232
0.061916,396.82327
0.060675,400.71912
0.061151,417.59442
0.063543,412.63297
0.064824,424.98254
0.073603,429.94193
0.076001,425.09518
0.076481,420.1236
0.075221,406.44748
0.074226,427.02835
0.076493,419.363
0.078544,407.21878
0.080952,420.894
0.076148,430.4867
0.076229,430.55444
0.071479,408.87497
0.072584,408.29785
0.070867,397.30722
0.069705,413.85626
0.069647,421.48434
0.069627,412.4254
0.073166,428.39047
0.072886,422.5751
0.073713,422.94565
0.073859,422.9752
0.074321,423.15308
0.074743,418.15027
0.075776,410.58124
0.075873,407.8061
0.076342,409.757
0.075836,419.96103
0.075131,404.64508
0.077408,405.89328
0.075814,422.77414
0.074789,427.44244
0.071293,401.79697
0.073103,400.6915
0.073214,401.28644
0.070939,406.80573
0.084679,404.04764
0.086357,418.18344
0.086607,421.54935
0.084658,406.32724
0.081303,419.86063
0.082991,435.79587
0.081304,420.71854
0.080789,419.78665
0.082525,401.6185
0.084469,404.43503
0.085195,404.64597
0.084606,408.81607
0.084032,408.5776
0.086001,399.34512
0.079476,404.1288
0.081028,413.64023
0.082754,407.1248
0.089754,411.84964
0.083193,403.691
0.087606,401.98483
0.081493,407.91583
0.07235,411.69382
0.06943,425.34885
0.063899,414.50296
0.069963,404.02347
0.069322,406.10898
0.068248,409.5597
0.069829,428.8704
0.066745,425.23065
0.070513,430.8603
0.073508,419.04227
0.076643,428.8984
0.078235,424.14
0.083983,414.66177
0.088666,408.92514
0.087569,403.41656
0.105265,410.032
0.103607,405.62222
0.104432,406.60284
0.106827,405.36148
0.102196,414.33987
0.10056,400.4151
0.105469,407.75308
0.10548,414.82565
0.100264,425.65918
0.093338,413.7507
0.094282,401.8428
0.094077,425.42105
0.092453,430.5542
0.090149,434.5934
0.095003,415.27878
0.093764,421.6658
0.102437,403.8167
0.099785,395.83722
0.109887,406.87314
0.095331,412.4344
0.09504,426.05026
0.094662,421.68192
0.10291,416.2641
0.11297,427.15933
0.112439,424.44452
0.116355,405.03775
0.123507,407.8455
0.113752,405.70615
0.125378,419.55905
0.130553,409.90652
0.131721,423.29544
0.127547,435.26114
0.130255,423.7313
0.131941,399.8258
0.140901,404.94482
0.143297,421.59464
0.154087,409.40088
0.163313,431.9874
0.16338,430.115
0.16554,427.36832
0.164765,423.87305
0.172731,409.73428
0.173172,414.92047
0.164028,423.4968
0.170277,410.49017
0.163637,432.0316
0.162175,401.49246
0.180869,400.80707
0.179378,402.88565
0.170865,404.16858
0.156118,402.3367
0.142262,409.49826
0.137092,401.30334
0.137887,402.1176
0.127181,412.97455
0.131483,407.94434
0.128792,408.10806
0.139971,425.2356
0.145389,416.3527
0.150373,403.4224
0.146084,418.32776
0.148921,432.41043
0.15096,430.05496
0.150655,419.91043
0.158278,425.0535
0.142208,424.83826
0.137671,411.36057
0.12572,408.04733
0.11932,402.67844
0.127444,399.2678
0.126099,405.96185
0.135269,405.08585
0.132703,428.61252
0.137868,417.10037
0.139839,427.04263
0.158556,400.8506
0.161985,404.7553
0.167185,411.6243
0.164117,400.4363
0.16138,408.5297
0.162962,421.39905
0.162747,403.0989
0.172375,407.9035
0.160408,416.3264
0.166585,416.18185
0.18128,409.62933
0.176868,402.61966
0.202091,401.19037
0.205358,402.4068
0.211119,400.58072
0.215721,405.03232
0.220467,411.68832
0.214012,407.43018
0.228154,404.07394
0.227742,407.45114
0.222507,416.02847
0.225214,420.37668
0.211143,409.54236
0.20319,432.3724
0.174783,410.16714
0.193557,397.1293
0.196567,409.5079
0.200655,430.99716
0.208989,429.50333
0.202873,427.9092
0.224408,424.37302
0.24884,422.33163
0.256136,427.68408
0.243271,413.65817
0.245544,411.9003
0.243664,402.4946
0.256375,405.40796
0.260155,412.2268
0.273434,422.09625
0.28589,405.69348
0.270932,408.4938
0.260127,404.8986
0.297089,418.42654
0.323593,432.1497
0.328352,427.25183
0.335176,430.921
0.350021,421.05582
0.366338,407.1357
0.360182,410.99948
0.369709,406.24466
0.37242,418.39395
0.358693,401.77435
0.343318,404.27637
0.365057,400.03088
0.357874,408.46347
0.288489,403.8626
0.294295,419.33142
0.271654,416.68665
0.312875,413.00064
0.288473,404.06363
0.285535,403.7787
0.29058,432.0455
0.301247,402.64444
0.272358,404.60355
0.260341,403.33612
0.243724,397.66586
0.256646,409.6315
0.22139,402.13962
0.200853,410.17056
0.200532,414.88544
0.212233,403.09888
0.166029,403.42984
0.156347,416.64633
0.153106,419.24686
0.156599,423.2745
0.148794,432.2805
0.144451,432.31235
0.148758,429.77316
0.155356,412.69302
0.172447,412.0415
0.156385,408.78897
0.150768,408.0243
0.155919,404.30734
0.147209,397.23764
0.146882,402.18762
0.160058,410.3074
0.154926,424.94165
0.167806,416.87875
0.184605,405.63156
0.189201,409.33932
0.189259,396.96268
0.203481,402.89944
0.213189,404.63464
0.204947,424.0281
0.197648,413.66055
0.156155,397.30582
0.154763,405.18472
0.178878,401.9954
0.185709,409.65408
0.199562,403.02216
0.223026,407.00162
0.223722,417.18356
0.223498,404.35507
0.209873,419.40897
0.222207,426.48743
0.221743,420.02246
0.247281,402.95325
0.285357,429.11615
0.297622,431.79013
0.300787,425.5549
0.297106,420.35712
0.293504,404.40268
0.304397,421.38834
0.312581,415.62744
0.335536,406.88824
0.338335,416.4288
0.344033,440.40915
0.322966,430.74512
0.345258,423.5775
0.337871,430.42606
0.364441,429.04892
0.378779,424.69717
0.391472,416.24683
0.385618,425.66013
0.419883,429.3373
0.40381,422.20212
0.409368,418.1682
0.396908,423.13858
0.373314,426.26276
0.384315,419.8772
0.369769,409.55728
0.405872,401.71255
0.391602,406.4092
0.356584,424.59018
0.340447,421.80154
0.369753,413.35086
0.327371,429.65308
0.379303,411.46475
0.438836,403.68124
0.390534,414.2981
0.421672,397.63657
0.519315,401.3081
0.531913,406.41312
0.623204,411.8979
0.670286,400.4338
0.616833,408.00266
0.623382,423.01218
0.637495,425.86865
0.622208,432.36148
0.56307,416.42044
0.570458,404.6027
0.613163,406.29495
0.70751,397.36548
0.650498,401.80954
0.659843,404.4799
0.629102,418.48544
0.626493,412.90942
0.778587,420.4031
0.802262,397.7284
0.884124,395.02078
0.897508,399.22284
0.688412,406.47137
0.793121,416.24283
0.814743,410.144
0.899002,420.30783
1.01,409.1557
1.03,401.03418
0.999559,401.82343
1.11,409.9855
1.08,401.40683
0.782587,424.5372
0.728657,397.27502
0.719695,402.0878
0.639243,407.9081
0.529299,407.0079
0.407701,402.7452
0.414176,418.9991
0.428465,412.7361
0.416363,428.73035
0.390029,428.10477
0.414027,414.64566
0.40715,421.83102
0.477851,399.37897
0.486151,423.94116
0.531273,426.65085
0.518198,422.6179
0.513011,429.46463
0.404665,411.6873
0.213467,399.42654
0.240753,407.28403
0.134281,426.8634
0.133891,402.48956
0.121383,405.04697
0.110281,403.83917
0.119609,401.48715
0.115465,409.36032
0.105501,422.27994
0.117839,415.8054
0.127488,404.23126
0.13587,425.50616
0.131807,429.77997
0.132351,417.0016
0.131352,402.7237
0.119883,403.09024
0.089718,417.65982
0.119744,413.71033
0.050593,432.28653
0.036332,413.1776
0.030447,396.1329
0.028382,409.44107
0.027444,398.3065
0.028549,419.27603
0.02833,427.6586
0.029581,413.87198
0.028084,408.60342
0.026369,406.37183
0.025773,399.462
0.02758,411.8178
0.026445,402.3913
0.02623,403.48694
0.025808,423.9971
0.023977,429.06647
0.027437,423.7224
0.027119,420.9641
0.032053,429.61716
0.025186,426.1554
0.022195,425.026
0.021881,417.44012
0.020635,414.85007
0.022022,424.61487
0.022628,422.83145
0.021306,408.49966
0.022986,422.5649
0.030437,396.9402
0.028583,409.1733
0.028607,397.51767
0.025866,417.02884
0.026382,417.0578
0.027132,433.73288
0.027527,429.88132
0.027193,421.404
0.025454,430.04517
0.027729,417.54303
0.028436,424.61862
0.03063,420.24197
0.027032,407.62473
0.026691,421.67374
0.027217,416.11288
0.028948,402.53757
0.030049,403.09433
0.032465,404.28043
0.033641,417.21863
0.026252,411.03976
0.02252,427.27493
0.021531,428.05457
0.022114,427.8607
0.020477,426.5698
0.020941,436.42352
0.018539,424.70282
0.021489,424.12994
0.021931,420.9438
0.020816,417.5697
0.025932,406.7955
0.024969,416.39737
0.013858,404.65317
0.013204,424.48288
0.013863,426.3043
0.014378,420.466
0.012388,405.97995
0.012073,420.8229
0.011563,420.79422
0.011896,429.98465
0.010776,427.22018
0.0106,398.79514
0.012236,404.69308
0.011795,402.4208
0.013455,429.66794
0.011211,424.98264
0.011699,422.32364
0.012097,427.09723
0.011038,409.05655
0.015328,420.82272
0.016324,420.73538
0.016993,398.0538
0.016269,402.81454
0.017095,419.01334
0.017447,421.27155
0.020096,432.75412
0.020346,421.58258
0.018567,415.99173
0.017625,419.46597
0.021296,431.23486
0.020837,433.88895
0.023954,404.20056
0.022405,401.45544
0.021224,406.7673
0.020104,429.29205
0.020525,421.5639
0.019785,408.4825
0.021208,403.70352
0.020497,403.53207
0.019024,400.26447
0.020222,419.5581
0.021624,431.18314
0.019753,427.017
0.017631,422.25772
0.016513,418.9374
0.016842,428.4454
0.017327,426.3041
0.017702,420.5877
0.017433,405.2302
0.017622,411.0105
0.01825,401.95175
0.020218,400.98648
0.02148,414.14618
0.022007,437.54422
0.022996,422.79242
0.023737,412.46292
0.022195,420.04007
0.022701,426.5441
0.023984,418.88162
0.022241,424.3037
0.01886,422.50058
0.018413,428.0214
0.017933,413.86115
0.016095,404.9782
0.015984,409.8608
0.017447,402.24274
0.016961,428.73544
0.018322,415.22873
0.018878,428.9592
0.018551,404.81122
0.022605,399.06882
0.021769,404.51535
0.022877,409.45236
0.019201,422.27762
0.018859,408.09512
0.017256,407.28415
0.018666,402.90292
0.018614,411.70105
0.015654,428.62228
0.017618,414.2277
0.016321,402.58975
0.017351,407.55283
0.017907,400.78693
0.014518,419.6612
0.015137,422.85782
0.019499,423.6735
0.021597,417.07968
0.020415,417.54214
0.025418,405.28677
0.025441,426.1685
0.02575,420.8395
0.026266,397.64597
0.025706,422.91278
0.024466,427.38577
0.026988,432.78622
0.029039,427.85666
0.031998,415.04208
0.029113,411.25412
0.030218,410.05283
0.033373,420.51315
0.03821,406.46143
0.041397,401.75522
0.03872,396.85388
0.038124,404.584
0.039366,403.75336
0.040252,407.62268
0.038332,414.10385
0.039251,427.31406
0.037536,408.03455
0.037439,409.18417
0.039828,433.0148
0.04186,430.97934
0.039988,423.6191
0.045915,429.8472
0.042866,425.5773
0.047356,414.19028
0.05042,412.4791
0.047098,407.6105
0.045407,403.06546
0.041507,408.7985
0.039989,400.9268
0.039294,399.8637
0.040226,412.2054
0.043069,416.64667
0.034273,429.34207
0.031009,422.1779
0.037044,426.97952
0.035364,412.1486
0.033024,425.1518
0.041065,426.75055
0.040021,414.16876
0.051364,425.4453
0.0555,406.3565
0.051003,423.1428
0.060843,430.6815
0.053888,409.29343
0.049576,398.38437
0.04627,412.67337
0.048568,402.26535
0.049368,404.84274
0.043552,416.57956
0.038648,406.31946
0.037586,421.3437
0.040706,427.74524
0.036203,415.78586
0.031376,405.20016
0.027647,404.92227
0.03988,404.5262
0.043984,424.0784
0.021343,409.12344
0.010877,402.96964
0.006628,400.5922
0.005197,406.08597
0.004834,420.0216
0.005138,416.77792
0.00484,405.38895
0.004971,417.09378
0.004551,427.5984
0.00397,419.3067
0.003835,434.95456
0.003808,426.202
0.00384,399.8357
0.003506,408.6911
0.003506,410.10492
0.003466,399.1837
0.003368,414.9042
0.003574,399.8212
0.003706,406.70743
0.003555,419.66696
0.003737,427.9722
0.003385,424.62735
0.003128,427.1828
0.00306,419.12436
0.003036,405.7136
0.002782,417.84634
0.002788,434.17667
0.002745,421.83524
0.00292,406.65042
0.002767,419.88467
0.002824,425.15622
0.003131,396.03137
0.003046,409.19174
0.003124,396.1486
0.004183,409.49918
0.002631,416.06226
0.002356,402.3517
0.002302,423.54236
0.001973,422.499
0.002043,428.70352
0.001892,417.153
0.002018,414.4186
0.002016,430.6429
0.002108,424.50464
0.002251,426.36087
0.001983,409.15353
0.002187,425.6825
0.001995,425.38663
0.001916,422.61246
0.001877,399.61948
0.001957,411.87778
0.00197,435.92194
0.001953,426.23206
0.001918,425.7371
0.001965,422.06082
0.001847,418.02313
0.001788,407.51895
0.001733,419.45114
0.00179,419.4368
0.001835,423.72507
0.002011,425.50195
0.001876,420.6381
0.001738,425.144
0.001753,421.3067
0.001763,426.24973
0.001787,416.5109
0.001724,428.0466
0.001843,415.437
0.001774,403.75
0.001875,413.6882
0.001881,421.83603
0.001885,403.53036
0.001927,434.169
0.002008,426.72894
0.001997,426.06204
0.002052,424.20596
0.002014,428.249
0.002021,419.46347
0.002093,410.4733
0.002139,406.26132
0.002224,421.92215
0.00209,403.14093
0.002067,401.44763
0.00209,416.76913
0.002111,396.056
0.002141,410.9987
0.002155,434.27182
0.002235,422.84735
0.002319,427.98294
0.002369,425.98056
0.002344,417.62094
0.002391,428.4799
0.002399,408.98727
0.00242,414.072
0.002357,401.18484
0.002371,415.15536
0.002458,427.194
0.002225,411.50052
0.002192,429.14023
0.002196,423.83902
0.002197,416.38943
0.002157,411.74655
0.002234,421.21396
0.002332,408.4836
0.002336,426.41702
0.002301,407.7238
0.002357,437.64407
0.002349,429.6401
0.002481,424.49298
0.002545,409.10263
0.00238,404.94852
0.002441,406.6392
0.002472,425.0195
0.002398,425.29465
0.002475,416.4211
0.002089,413.694
0.002355,415.0403
0.002347,429.0626
0.002355,405.29855
0.002396,413.18747
0.002494,399.49933
0.002598,407.04904
0.002735,402.93094
0.002554,403.4938
0.002477,404.70505
0.002481,407.8245
0.002469,410.4455
0.002544,417.4903
0.002559,405.47635
0.002509,400.9675
0.002543,404.1207
0.002657,408.35373
0.002578,427.5926
0.002691,418.60327
0.002646,408.3596
0.002751,408.59323
0.00281,412.8628
0.002836,396.8005
0.002868,399.14157
0.0029,402.77975
0.002772,406.67456
0.003123,416.137
0.002802,404.65002
0.00215,414.4649
0.002158,406.0317
0.002272,429.1794
0.002353,417.5567
0.002233,403.90823
0.002545,437.0413
0.002421,422.5545
0.002767,427.94553
0.002666,424.46054
0.001542,414.08078
0.001532,400.52527
0.001592,403.44177
0.001529,406.12082
0.001619,415.9398
0.001629,401.293
0.001667,416.38208
0.001655,401.46472
0.001665,407.07175
0.001649,425.7652
0.001722,411.96857
0.001691,416.0471
0.001733,430.28812
0.001735,431.63345
0.001755,437.8025
0.00176,403.0748
0.001796,407.97086
0.001807,398.51355
0.00182,401.908
0.001772,404.93845
0.001853,424.36902
0.00188,421.45456
0.001896,416.13235
0.001899,425.32217
0.001913,406.58673
0.001948,422.12436
0.001968,417.84244
0.001986,398.75644
0.002013,402.05243
0.001959,413.6653
0.002021,402.6299
0.001999,416.34744
0.001994,405.49802
0.002023,398.4607
0.001976,405.5472
0.002088,416.5925
0.002127,411.69922
0.001957,409.0322
0.002095,401.25955
0.002176,434.0101
0.002338,434.70905
0.002357,421.7966
0.002471,409.07495
0.002438,416.29147
0.002407,403.4538
0.002476,403.12497
0.00267,407.94144
0.002339,402.64792
0.002388,428.05124
0.002291,434.8159
0.002418,422.0638
0.002439,414.15
0.002479,424.507
0.002539,408.2336
0.002637,412.04953
0.002679,409.92957
0.002466,412.32785
0.002376,419.6461
0.002317,424.18854
0.002374,402.39746
0.002306,411.9649
0.002485,397.8926
0.00259,407.21414
0.00271,405.45557
0.002867,409.38492
0.002763,403.98047
0.002847,410.7842
0.003066,406.99265
0.003149,420.27893
0.002549,399.4713
0.002385,403.21085
0.002454,406.43436
0.002219,413.58762
0.002083,401.9652
0.002138,407.68423
0.002085,408.07938
0.002052,404.86865
0.002127,415.8444
0.00209,426.56323
0.002162,405.4131
0.002082,417.7878
0.002319,406.15637
0.001963,409.27338
0.001951,426.24698
0.00194,395.4863
0.001966,412.6113
0.002032,429.94266
0.00202,401.74246
0.001931,403.9833
0.001925,400.62912
0.001925,405.61868
0.001912,404.8298
0.001934,417.57593
0.001902,414.41873
0.001885,402.55386
0.001887,408.34204
0.001906,431.5825
0.00185,418.68073
0.00183,426.28604
0.001808,406.3942
0.001862,411.4583
0.001888,407.73758
0.001874,399.81082
0.001888,402.79984
0.001878,407.13846
0.001919,429.62436
0.001908,424.07895
0.00193,422.62656
0.001963,411.57635
0.001976,413.30533
0.001993,402.3026
0.002016,403.52075
0.002019,402.83963
0.002005,404.5726
0.002038,418.0139
0.001831,406.56955
0.001889,403.23663
0.001892,418.43124
0.001871,432.96942
0.001848,422.8362
0.001888,428.8234
0.001956,427.7828
0.0019,423.0438
0.001879,415.02
0.001804,424.48428
0.001736,417.48572
0.001874,405.04404
0.001916,416.39124
0.00194,403.35977
0.002013,406.33752
0.001948,398.24918
0.001931,433.5038
0.001939,421.27048
0.002143,429.09152
0.002253,407.58945
0.002084,406.18478
0.001824,422.0591
0.001839,421.86063
0.001862,425.91122
0.0019,420.9631
0.001982,422.95895
0.001925,424.35538
0.001926,427.64774
0.001977,424.81607
0.002039,430.19156
0.002164,427.32944
0.001991,428.63837
0.001809,404.79147
0.001852,408.89743
0.001763,418.6049
0.00187,407.94684
0.00174,409.27084
0.001846,403.39456
0.001869,413.29953
0.001935,402.92905
0.001928,402.86673
0.00204,404.82736
0.002035,410.169
0.002143,401.20242
0.00204,407.9773
0.002333,406.45407
0.002657,426.73575
0.002026,434.16992
0.001788,414.22202
0.001786,415.39008
0.001666,424.31152
0.00162,416.09222
0.001711,400.55508
0.001774,402.4717
0.001831,420.32895
0.001758,423.61047
0.001697,429.3397
0.001722,425.90042
0.001668,402.04
0.001754,410.24594
0.001561,400.97098
0.00162,406.0319
0.001576,421.86618
0.001573,416.15805
0.001587,401.61856
0.001497,395.91275
0.001488,408.56143
0.001496,427.5146
0.001498,429.31555
0.001527,420.61923
0.00153,408.7374
0.001512,408.36334
0.001525,409.525
0.001543,420.9225
0.00151,409.94772
0.001497,403.41187
0.001476,402.676
0.001444,400.47623
0.001489,427.48273
0.00155,427.24573
0.001608,419.40005
0.001599,429.18585
0.001626,411.64368
0.001634,423.4251
0.001649,406.2934
0.001661,410.70242
0.001711,402.12534
0.001692,407.61148
0.001724,401.19058
0.001762,409.57547
0.001781,402.41257
0.00177,410.88156
0.0018,397.0713
0.001797,407.30603
0.001774,430.8038
0.001802,425.35675
0.001796,422.09555
0.001814,429.28152
0.001829,415.18698
0.00184,406.59256
0.001865,412.49118
0.001862,417.15848
0.001868,426.541
0.001883,421.10196
0.001852,428.50006
0.001849,422.87234
0.001904,408.77896
0.001832,431.00458
0.001819,417.16647
0.001876,427.49985
0.001912,418.7892
0.001926,428.16812
0.001917,428.60464
0.001874,421.0842
0.001928,411.5197
0.001929,411.57288
0.001903,405.28592
0.001899,413.21964
0.001922,423.47562
0.001879,421.18805
0.001877,407.04202
0.001863,425.4433
0.001871,409.6736
0.001903,439.98306
0.001882,419.4019
0.002017,406.2503
0.002184,398.37494
0.002155,402.07504
0.002163,411.53378
0.00216,400.59402
0.002294,417.65997
0.00221,405.64487
0.002089,409.827
0.002047,402.46085
0.002027,413.8742
0.002039,404.03064
0.002087,403.9487
0.002113,409.055
0.002027,416.52676
0.002059,404.55115
0.002076,416.7576
0.00208,424.17667
0.002174,405.72226
0.002079,411.66064
0.002074,396.39862
0.002088,403.62314
0.002015,407.2046
0.00198,403.41275
0.002147,409.40762
0.002136,415.25906
0.002193,403.54062
0.002138,420.95932
0.002177,417.61902
0.00227,406.99197
0.002567,440.41336
0.002368,429.36948
0.002229,399.56668
0.002216,406.6622
0.002392,414.4311
0.001938,421.65448
0.001824,421.32632
0.001914,407.3503
0.00189,424.21167
0.001884,407.02454
0.001909,432.24515
0.001949,424.23294
0.001981,415.36627
0.002003,409.7225
0.001943,398.23645
0.001975,434.96112
0.001959,395.72986
0.001903,403.60547
0.001976,411.2227
0.002157,420.5068
0.002101,407.52347
0.00211,403.31573
0.002122,422.8414
0.002158,425.15118
0.002649,426.4946
0.002203,418.25977
0.00219,414.0476
0.002203,404.97168
0.002344,409.4611
0.001878,427.09854
0.001849,415.97873
0.001826,409.51114
0.001841,404.22354
0.001852,404.44254
0.001864,424.9382
0.001834,423.17453
0.001803,414.4853
0.001807,431.84476
0.001796,414.94055
0.001792,398.46292
0.001776,411.01212
0.001735,404.09207
0.001888,405.08298
0.001908,403.87234
0.002235,400.64206
0.001901,396.817
0.001709,421.84235
0.001723,421.70914
0.001696,418.08688
0.001704,408.46902
0.001738,436.40982
0.001821,423.19662
0.001826,413.3267
0.001711,419.62802
0.001714,421.44385
0.001748,405.32602
0.001737,412.34155
0.001914,402.74402
0.001824,409.19574
0.001743,426.99985
0.001739,411.45987
0.001765,422.7821
0.001749,412.41837
0.001681,393.71536
0.001728,396.91504
0.001672,410.84476
0.001721,409.96512
0.001748,406.03665
0.001744,400.4077
0.001741,399.30264
0.001748,423.34238
0.001751,417.60474
0.001763,410.84824
0.001743,429.33325
0.001777,437.42603
0.00172,422.0392
0.00165,431.27765
0.001828,414.26492
0.00177,407.28308
0.001742,420.94424
0.001728,420.50406
0.00178,425.78928
0.001746,421.7006
0.001842,430.2637
0.001849,421.75964
0.001857,426.55142
0.001846,405.7208
0.00187,396.71548
0.002002,401.7667
0.002066,402.02335
0.001986,427.34604
0.002135,424.3885
0.002026,419.94568
0.002063,429.68427
0.002292,407.5306
0.001965,412.0488
0.00192,429.92975
0.001864,421.90915
0.00201,421.94858
0.001712,399.37463
0.001767,409.21313
0.001739,424.9979
0.001732,424.2675
0.00174,421.51645
0.001741,409.50327
0.001766,421.9017
0.00192,428.2689
0.001908,414.95724
0.001867,428.97263
0.0019,408.85245
0.001972,406.45044
0.00191,416.89548
0.001895,418.59384
0.00193,433.96066
0.001909,433.3779
0.002015,402.20364
0.001922,414.10617
0.001988,409.46338
0.001981,426.45087
0.001974,418.64203
0.002124,398.39365
0.001964,417.56088
0.002039,416.82132
0.002033,411.26498
0.001943,407.88422
0.002015,399.38327
0.001917,392.12924
0.002012,408.67392
0.00218,399.28458
0.002189,417.04794
0.00219,403.9456
0.002128,398.15616
0.00216,410.9706
0.002184,402.20764
0.002069,407.78848
0.00202,405.9046
0.001997,404.29037
0.00186,413.4539
0.001886,434.1994
0.001923,422.434
0.001956,415.39835
0.001957,425.46506
0.001975,429.77182
0.00187,419.7655
0.001933,431.34863
0.001972,412.29132
0.001986,413.37683
0.001936,406.39883
0.001934,403.62555
0.001915,400.06284
0.002101,413.81403
0.002031,420.54074
0.00211,405.22543
0.002084,410.9407
0.002121,424.98608
0.001996,414.61667
0.002075,411.42203
0.002077,404.9186
0.001989,395.92087
0.002051,413.90988
0.002013,413.9719
0.002076,403.95798
0.002224,401.19937
0.001985,403.04294
0.002055,420.60507
0.002091,406.28766
0.002067,425.67712
0.002071,425.1127
0.002056,414.83395
0.002058,430.22415
0.002082,402.51096
0.002138,397.7094
0.002142,411.31076
0.002223,422.15283
0.002295,419.88852
0.002243,408.7745
0.002228,419.39047
0.002159,435.74283
0.002183,425.3699
0.002139,431.50906
0.002158,429.6633
0.002239,412.14728
0.002231,415.78336
0.002208,403.758
0.002195,411.734
0.0023,428.36832
0.002452,429.1333
0.002527,407.40833
0.002476,413.66312
0.002321,404.33987
0.002377,403.7036
0.002423,430.9083
0.002435,401.22568
0.002479,400.4041
0.002363,412.93213
0.002577,402.8603
0.002354,414.88757
0.002005,424.16452
0.002035,427.66354
0.001855,407.7818
0.001892,420.0297
0.001959,431.13696
0.002001,412.6343
0.001995,417.246
0.00203,397.10544
0.00181,405.56467
0.001878,435.11392
0.00217,411.74216
0.002135,411.93686
0.00227,423.08838
0.002314,411.2725
0.002264,412.69162
0.00238,424.8075
0.002398,396.99493
0.002466,403.55582
0.002345,400.3725
0.002419,399.24005
0.002432,404.86746
0.002524,424.52753
0.002634,414.33005
0.002632,426.51285
0.002631,400.95792
0.002725,401.179
0.002642,427.786
0.002644,414.6734
0.002811,417.83347
0.002823,408.93222
0.002727,402.2288
0.002945,401.06992
0.003016,399.40097
0.00294,407.89536
0.003094,423.4582
0.003037,422.97543
0.003118,411.4881
0.003067,413.46317
0.002986,401.1628
0.00287,409.3821
0.002899,431.5568
0.002853,403.7128
0.002831,434.0748
0.003003,430.03354
0.003077,423.73257
0.003219,430.6319
0.003184,413.94037
0.003081,410.8499
0.003115,411.26218
0.003059,409.45123
0.003214,425.99283
0.003141,430.41724
0.003228,408.19858
0.003122,400.37924
0.003195,408.22693
0.003265,399.51822
0.003401,410.2405
0.003458,415.7053
0.00347,401.82242
0.003503,411.00723
0.003435,405.33884
0.003554,423.75616
0.003407,413.5553
0.003477,406.02924
0.003436,401.32407
0.003508,406.368
0.003682,399.37668
0.003526,407.8241
0.003658,409.95798
0.003724,422.01773
0.003736,406.45074
0.0036,402.25522
0.003748,413.8716
0.003465,408.79474
0.003261,399.25055
0.003231,408.42252
0.003086,410.0735
0.003104,400.36404
0.003161,425.57236
0.003218,425.30182
0.003126,426.86215
0.003088,424.696
0.003135,427.2968
0.003155,411.17172
0.003155,401.11533
0.00303,404.7892
0.003216,403.8914
0.003073,418.29916
0.003386,416.89005
0.003219,403.56918
0.00361,424.13834
0.003609,408.0227
0.003167,418.65985
0.003204,403.59726
0.003179,422.767
0.003121,406.23178
0.003028,398.35403
0.003046,400.5432
0.002765,405.80643
0.002722,402.52325
0.002652,417.1107
0.00251,418.38095
0.002576,405.69278
0.002599,425.6934
0.002878,423.63626
0.002847,405.45895
0.00281,401.7643
0.00281,404.6287
0.002969,417.5341
0.002793,407.39127
0.002873,400.7264
0.002926,421.28427
0.002772,408.37924
0.002757,422.579
0.002691,435.29706
0.003021,428.3956
0.002677,425.65475
0.002696,427.07578
0.002647,415.67783
0.002732,406.17892
0.002575,411.14713
0.00263,425.217
0.002692,415.48837
0.00264,403.74582
0.002657,422.76608
0.002658,408.59213
0.002749,430.29373
0.002698,412.39188
0.002758,401.371
0.002696,396.60385
0.002685,409.83383
0.002742,395.29828
0.002697,419.1875
0.002765,427.06204
0.002655,422.5606
0.002656,411.1597
0.002732,427.41135
0.002796,417.30692
0.00277,430.81674
0.002637,430.2921
0.002649,419.42264
0.002709,431.66312
0.00269,424.09848
0.002589,413.74442
0.002666,407.58453
0.00269,404.71417
0.002768,412.12564
0.002664,401.82767
0.002803,419.2789
0.002816,409.1409
0.002735,423.58014
0.003046,415.58508
0.002958,401.68533
0.003078,434.75836
0.00294,412.88828
0.002934,412.61615
0.002943,402.94534
0.003193,430.9142
0.003193,422.5818
0.002991,429.51883
0.002796,427.37656
0.002817,429.4957
0.002666,412.55942
0.003,414.63458
0.003144,422.97568
0.003002,403.44327
0.002968,406.6923
0.002969,401.1434
0.0031,413.1168
0.00293,423.53983
0.002935,414.0446
0.002912,406.386
0.002958,400.62888
0.002947,412.4283
0.002952,400.75046
0.002992,436.63516
0.002888,413.80026
0.002863,396.3005
0.003003,417.156
0.002781,421.62848
0.003049,428.98434
0.003159,413.3776
0.003117,415.59732
0.003165,424.80966
0.003122,430.3903
0.003108,416.6626
0.002822,406.41928
0.003198,404.66818
0.003222,415.222
0.003222,396.49014
0.00316,415.1993
0.003359,401.90958
0.003301,401.4835
0.003285,408.04794
0.003709,407.13547
0.003582,406.6152
0.003423,397.76785
0.003515,417.09543
0.003555,425.64658
0.003639,426.40128
0.003733,424.0195
0.003825,425.29483
0.003825,402.64215
0.004001,407.9297
0.003765,421.01306
0.00375,414.76248
0.00418,407.42734
0.004142,405.6738
0.004334,429.08792
0.004462,429.5898
0.004556,416.5284
0.004895,419.2445
0.004816,405.92337
0.004709,403.00443
0.00479,419.3521
0.005038,429.34213
0.004881,414.39246
0.004914,422.24106
0.005054,430.56976
0.004743,396.49057
0.004829,402.88455
0.004739,417.60483
0.004617,411.7637
0.004458,414.2498
0.005013,431.2161
0.004318,429.49982
0.004053,400.04184
0.004903,412.00394
0.005062,417.13025
0.00518,408.25772
0.005622,403.59525
0.005567,416.6555
0.005284,400.45667
0.004972,397.3505
0.004947,415.2898
0.004416,421.29276
0.004672,410.8603
0.005481,412.37067
0.005493,396.57437
0.005516,400.08185
0.005484,403.99496
0.00562,401.7792
0.0058,418.65942
0.006015,425.0107
0.006213,409.43756
0.0058,401.1574
0.005101,409.41052
0.00582,393.99915
0.005907,412.29477
0.005871,418.7608
0.005813,402.73227
0.00613,419.4435
0.006146,409.62012
0.004104,411.41245
0.00325,403.92093
0.002574,422.3409
0.002475,404.38385
0.002553,416.28574
0.002525,431.8951
0.002585,414.32013
0.002435,429.21985
0.002249,430.1732
0.002339,414.75037
0.002329,403.11084
0.002407,432.76266
0.002356,417.7038
0.002375,401.76108
0.002373,407.98242
0.002409,404.9145
0.002541,404.0499
0.00221,412.61224
0.002521,427.8138
0.002861,423.4697
0.003426,423.41818
0.00213,430.48447
0.001898,408.63925
0.001957,403.9277
0.002165,411.62704
0.001809,409.77396
0.001563,404.11716
0.001589,404.86673
0.001548,410.2209
0.001357,401.9855
0.001608,408.22928
0.001637,427.9262
0.001624,427.73578
0.001713,408.4565
0.001793,414.08102
0.001859,407.1989
0.001753,429.09735
0.001799,394.2195
0.001757,427.68912
0.001734,431.64407
0.001688,428.02548
0.001764,425.88834
0.001755,419.2678
0.001703,413.49542
0.001693,464.0947
0.001584,448.631
0.001548,464.2488
0.001681,463.74182
0.001735,451.73337
0.001696,458.40512
0.001655,445.16745
0.001956,458.02988
0.001941,460.6005
0.001892,445.9337
0.001958,402.80276
0.001914,405.08652
0.002034,434.01743
0.00207,400.4282
0.002023,397.33987
0.002023,404.58615
0.002059,432.37106
0.002021,422.1193
0.00208,414.34622
0.002174,416.76462
0.002352,427.98837
0.002299,423.94864
0.002243,418.91653
0.002336,429.65854
0.002309,424.2654
0.002358,406.7308
0.002477,412.91757
0.002447,408.17252
0.002574,402.4739
0.002387,405.8723
0.002371,408.2645
0.002601,427.51434
0.002773,424.7105
0.00288,410.15488
0.003211,418.68747
0.003212,421.291
0.003174,434.89938
0.003263,426.8163
0.00305,438.19373
0.003494,419.0827
0.00389,403.9574
0.003965,410.63992
0.004023,403.68253
0.003464,417.26846
0.003612,397.84012
0.003872,412.8216
0.003456,414.40457
0.003072,402.62964
0.00299,418.1064
0.002896,401.80185
0.002943,407.32965
0.003094,417.4642
0.002968,405.05908
0.002501,417.20218
0.002278,425.68246
0.002178,406.73648
0.002257,396.309
0.002044,399.82388
0.002081,416.06897
0.002082,419.71716
0.00213,404.76004
0.002059,418.51932
0.001999,403.25116
0.00201,404.9853
0.002061,404.32248
0.002195,404.67438
0.002211,428.34363
0.00218,410.31937
0.002273,402.47733
0.002315,401.9753
0.002221,403.629
0.002232,402.38388
0.002237,410.56326
0.002355,411.16086
0.00239,425.3565
0.002496,414.17194
0.002224,397.10132
0.002025,403.40457
0.002337,403.52777
0.002525,417.17096
0.002403,426.54837
0.00254,412.04385
0.002773,420.1119
0.002659,430.83682
0.003591,431.64017
0.004303,425.3879
0.003481,424.9399
0.002881,415.14948
0.002501,405.38586
0.002657,423.26797
0.00244,431.05746
7.41,427.43634
7.54,425.19153
7.63,415.97336
7.7,427.1503
7.54,415.08212
7.26,412.3749
7.65,409.16324
7.59,425.6545
7.75,426.548
7.6,414.70584
7.55,402.84146
7.79,400.80005
8.46,409.67688
8.57,420.55038
8.59,401.5871
8.46,413.21182
8.61,428.0402
8.72,412.83026
8.66,407.5477
8.32,401.20285
8.56,398.03735
8.62,414.06924
8.9,433.25955
8.62,423.21848
7.85,403.5638
7.79,410.79767
7.79,406.65247
7.73,400.57938
7.56,402.85788
7.11,407.22675
7.28,395.22253
7.34,401.18192
8.03,424.31918
8.16,422.01108
7.79,423.45914
8.95,414.95526
8.96,420.794
9.19,23.546978
9.25,20.930761
9.09,26.916832
9.19,47.3635
9.63,52.337845
9.72,77.8754
9.77,68.13601
9.83,66.40817
9.83,66.3049
9.99,63.827644
9.68,408.0701
9.66,395.4353
9.71,396.84406
9.94,401.1102
9.93,416.6405
10.25,413.64368
10.17,403.28098
10.94,410.37662
11.11,424.1913
11.18,428.70337
11.27,405.6638
11.11,407.06766
11.2,396.612
11.29,426.6304
11.06,430.42862
11.48,422.541
11.36,412.84683
11.14,423.55884
10.93,424.34357
11.25,423.72244
10.78,416.5682
11.03,401.51736
11.15,401.7318
11.56,407.47083
11.53,402.4238
11.1,397.8846
11.23,408.52136
10.67,402.2812
10.59,411.43875
10.63,423.96188
10.3,404.02957
10.36,402.02866
10.35,398.76315
10.41,414.8575
10.45,413.08105
10.43,403.99075
10.42,410.11288
10.41,429.55237
10.36,420.95294
10.73,401.63712
10.75,412.09232
10.45,395.59933
10.51,396.54947
10.33,403.20328
10.18,395.2468
10.32,405.60855
10.31,406.65
10.5,406.8485
11.1,422.16904
10.9,406.31036
10.4,415.15018
10.13,419.5436
9.92,392.43723
10.57,409.58237
10.79,425.82626
12.55,425.0529
12.13,412.84738
12.07,427.26926
12.5,408.46365
12.62,402.18716
12.82,398.3868
12.06,411.25717
12.52,425.0079
13.37,411.97397
13.25,430.0268
11.52,418.84018
10.31,425.26144
10.66,426.99142
10.95,413.32852
8.46,411.48648
11.19,405.3735
11.36,405.34
11.26,417.3157
11.64,417.78055
11.19,421.38135
11.02,400.59036
11.05,391.33035
11.29,409.51807
13.13,419.32144
12.75,410.94672
13.14,431.83896
13.45,419.68668
13.74,396.95428
12.48,397.57083
16.27,415.2682
16.3,424.34775
16.19,422.05276
15.36,413.46933
15.71,401.3685
15.7,399.50656
16.47,397.2758
17.24,410.09653
19.42,405.44724
17.31,402.7985
17.35,408.2733
16.9,419.67178
16.59,421.90085
17.02,401.42023
17.18,398.9091
16.14,419.11166
16.01,430.37817
16.0,425.19217
15.41,411.58194
15.85,423.10202
16.46,422.31784
16.34,402.49667
17.07,409.2593
14.27,402.92914
12.74,406.00583
13.65,423.47064
13.23,415.58963
14.29,424.63663
14.23,398.01373
13.82,396.46457
14.55,408.3682
15.49,404.32315
14.94,400.9177
13.89,411.1617
13.98,399.08414
15.73,393.54404
15.62,407.17688
15.49,416.3268
15.2,416.2667
16.17,409.72525
16.41,403.2435
15.29,398.04074
16.95,391.0409
17.46,402.84784
17.74,420.94644
18.22,413.3252
18.08,425.01608
18.54,417.40845
19.91,403.47357
20.78,416.79376
21.46,425.42554
21.91,416.25476
22.4,428.72763
22.47,422.53088
22.13,404.66238
21.69,401.8583
21.92,408.70627
21.55,396.60977
20.02,434.9725
24.12,421.59317
23.08,411.07013
20.72,413.33472
22.38,400.43973
23.65,410.02405
24.73,425.87744
25.2,400.7744
25.44,403.0109
24.55,417.47882
23.71,421.3604
24.46,408.01175
25.22,399.77835
24.1,406.19766
24.27,414.43692
25.09,419.34024
26.79,400.1573
24.93,417.2491
24.43,404.89066
24.39,393.55618
23.25,399.6694
29.22,415.56042
26.83,398.18735
25.11,407.46396
24.82,395.24124
25.76,394.53763
24.62,400.50497
24.35,400.2393
24.38,398.75558
24.07,399.00027
22.56,406.13132
23.27,420.2576
24.76,416.01816
21.15,404.52377
17.64,421.50372
17.89,412.8327
16.86,380.88647
16.73,413.22318
17.57,421.64377
19.91,397.48502
13.39,399.06497
21.97,383.96692
24.64,394.33237
31.28,413.2935
30.38,418.52585
31.2,415.26126
31.59,390.80234
30.98,401.55283
36.29,420.7941
31.57,402.83475
27.27,366.61942
23.29,386.29434
29.84,420.97293
37.75,412.90732
44.73,421.16104
39.79,384.80243
33.18,372.92703
34.74,408.3323
40.47,412.92023
37.74,409.46588
43.39,375.90573
39.04,419.24228
20.35,411.5036
12.27,401.759
10.41,424.8428
10.61,422.37653
10.13,399.43555
9.35,402.44742
7.98,431.19333
8.03,423.79398
9.37,417.3932
4.09,424.55954
4.3,409.2419
4.21,399.97623
4.29,414.85995
4.11,426.40927
3.98,392.02197
4.0,395.22424
3.93,379.64835
4.22,390.724
4.61,356.61404
4.39,398.28357
3.39,366.98605
3.04,365.9785
3.08,394.72397
2.88,411.0577
2.7,406.03748
2.45,356.47723
2.36,354.7798
2.29,314.95132
2.13,348.2365
2.18,355.481
2.13,339.18668
2.21,327.96088
2.18,349.38608
2.27,281.21558
2.05,340.86935
1.7,394.36523
1.82,420.07495
1.93,417.65976
1.88,411.45126
1.9,420.72583
1.91,417.86588
1.92,420.5798
1.96,409.69888
2.05,419.78528
2.13,429.90228
2.12,418.01437
2.07,422.32724
2.03,413.5163
1.92,423.0439
1.98,419.94412
2.1,418.37613
2.17,424.13443
2.15,401.1782
2.2,401.63992
2.17,421.27777
1.97,430.03027
2.42,424.94363
2.35,419.84976
2.3,428.31656
2.25,424.83823
2.4,421.94992
2.39,422.3079
2.37,423.04575
2.47,423.0101
2.47,414.3996
2.53,420.39764
2.51,405.56744
2.48,404.11453
2.62,424.21146
2.56,432.70035
2.6,436.08102
2.63,419.00772
2.64,414.74847
2.54,419.92978
2.67,413.05518
2.7,409.95612
2.72,406.90292
2.64,402.68063
2.73,397.37222
2.73,402.68228
2.71,415.1517
2.69,420.46667
2.75,411.31912
2.81,432.5389
2.6,414.91168
2.56,401.6935
2.58,407.67838
2.58,411.32635
2.66,399.96378
2.55,425.4312
2.52,424.92706
2.57,398.3002
2.57,413.66135
2.59,415.8293
2.69,420.38425
2.72,404.67508
2.75,410.98105
2.7,418.05038
2.78,406.17178
2.82,418.90524
2.8,406.949
2.82,405.4387
2.72,417.0962
2.76,412.89066
2.73,399.01688
2.74,411.46713
2.65,429.47147
2.69,402.27164
2.56,406.7549
2.68,407.42307
2.7,424.50046
2.76,407.48346
2.82,411.1025
2.83,419.1527
3.01,403.27945
2.96,396.51685
2.84,400.8348
2.91,434.00784
2.87,418.4374
2.99,415.8671
2.96,424.34637
2.98,407.9166
2.88,426.32034
2.9,419.50357
2.97,407.58206
2.94,408.46762
2.99,407.22177
2.89,395.50015
2.92,404.03995
2.86,418.7227
2.96,413.2338
2.89,400.69095
3.15,410.08505
3.1,415.47647
2.98,423.87265
2.91,426.4607
2.9,413.98135
2.79,421.59122
2.73,429.28775
2.81,428.14145
2.61,421.4558
2.61,430.90045
2.66,405.0737
2.52,408.76303
2.43,403.69217
2.73,400.7077
2.62,404.56003
2.83,401.3372
2.95,414.8494
2.98,423.85724
2.79,411.40427
2.75,418.81442
3.02,403.25052
2.86,404.65958
2.82,420.2465
2.87,428.78802
3.12,415.71634
2.92,403.12442
2.87,417.88333
2.29,406.4135
2.3,427.55994
2.31,421.5629
2.28,409.00253
2.13,405.8826
2.11,413.2065
2.13,392.2482
2.27,411.7076
2.38,425.11932
2.4,424.6082
2.49,425.54483
2.38,423.20276
2.56,426.4727
2.6,419.75046
2.75,430.78723
2.86,416.28333
2.87,425.29517
2.73,425.12064
2.73,418.94
2.83,400.287
2.96,405.25845
2.97,400.9243
3.1,402.3471
3.09,418.30814
3.1,421.67883
3.25,415.8027
3.12,403.18127
3.18,421.20428
3.18,418.3635
3.12,403.23618
3.09,395.18796
3.18,412.05692
3.3,433.2922
3.29,430.00888
3.19,422.0061
2.92,421.457
2.94,427.4354
2.82,423.67078
3.28,414.9387
3.27,408.3904
3.35,401.66724
3.44,406.62582
3.42,414.5675
3.41,402.14856
3.33,421.43808
3.37,401.56595
3.59,407.66745
3.48,399.32047
3.04,405.54962
3.37,417.95392
3.8,423.54865
4.3,415.09372
4.38,402.66486
4.35,409.63022
95.44,397.96814
95.96,402.95486
100.52,411.24637
104.29,400.14926
107.68,403.8157
109.52,420.19586
106.34,413.5317
107.86,409.05264
107.79,429.0628
104.54,414.80344
100.41,395.12418
109.24,400.4195
96.95,414.51666
100.26,427.33554
106.55,432.2522
110.48,420.40143
117.88,404.44342
124.34,398.87912
124.44,407.43814
123.83,399.11618
126.78,402.22
129.57,417.4992
131.91,411.01712
131.81,428.01602
134.75,405.25226
130.0,400.59396
124.73,424.60007
133.81,432.0647
139.51,405.39053
138.17,401.691
132.38,399.76218
129.58,407.99323
132.08,419.3621
129.8,290.28564
129.79,177.86389
135.88,85.1166
141.26,82.88563
138.28,80.17892
140.47,78.94684
138.72,77.42216
133.53,74.38135
106.89,75.434044
97.55,73.54635
106.35,74.20837
112.67,75.97973
94.7,74.732086
90.3,75.45223
90.46,80.165306
89.69,80.8576
88.35,81.77849
89.52,83.06737
87.21,81.57973
86.66,79.56407
87.14,83.03316
84.61,83.50592
88.73,83.74246
91.41,83.27642
84.54,82.350426
84.4,67.76122
82.15,72.72344
82.51,84.13625
83.66,86.46759
83.16,81.15888
84.98,70.46152
84.96,76.79065
87.42,79.80609
82.71,69.33574
84.49,80.735565
84.99,87.49993
83.91,87.897644
86.83,84.45385
83.8,83.82616
113.94,80.71646
119.95,64.34127
122.47,67.40624
122.93,70.78209
122.86,75.02377
125.8,73.761665
125.33,71.426476
122.76,73.17082
119.8,76.73513
119.61,78.05163
118.12,76.85126
120.08,79.239845
120.12,82.39446
126.35,78.88459
131.42,78.853096
135.53,80.51503
134.61,81.86593
131.24,80.13806
130.53,85.29417
131.85,85.286865
135.17,79.85122
133.65,81.511345
129.65,82.481285
129.41,83.596375
130.41,81.75999
128.88,86.02219
125.62,78.82016
134.19,81.965645
131.66,83.28718
132.94,87.38277
133.66,83.64654
136.25,80.75074
135.17,80.26623
133.26,75.090485
140.53,81.90511
145.86,76.67463
136.6,69.42438
133.49,70.17642
134.85,71.337845
135.53,71.18819
133.92,77.72384
143.03,80.56721
142.46,86.60642
145.84,86.220436
141.47,85.12062
140.65,81.50861
144.12,77.72956
147.26,71.89339
147.08,81.72268
154.04,85.899925
150.5,74.59779
151.74,67.82334
148.54,74.810104
146.74,78.19813
147.98,68.84985
146.88,78.15863
146.35,86.32015
147.87,84.88364
151.85,82.48114
163.14,83.878044
162.05,85.64326
168.15,78.13444
169.92,82.47642
168.38,90.18838
176.7,88.363045
172.86,71.131645
145.95,74.82063
135.45,79.902214
120.25,73.52751
111.33,87.20424
129.34,87.90639
126.4,86.443535
153.8,85.68144
166.61,77.29116
162.79,80.82943
190.98,84.2918
204.78,88.40979
201.51,89.26652
199.55,88.99547
198.28,82.69572
198.72,85.5357
196.28,81.76906
203.96,67.50749
196.01,83.35392
197.53,81.22926
194.2,86.23064
214.36,71.0402
211.31,92.15525
197.11,93.32197
219.3,92.06645
238.02,91.737755
234.98,92.04337
237.37,92.876854
238.34,93.3121
222.3,86.30188
217.44,71.82752
224.39,73.99489
222.5,71.75325
225.35,76.533745
212.17,79.2922
209.91,83.86372
215.72,87.252884
213.06,88.9674
189.5,89.21426
186.25,93.65475
192.39,97.72382
185.37,98.63499
195.44,98.107796
203.98,97.980515
200.28,99.28663
217.81,98.70406
229.24,102.10329
221.0,88.96126
191.97,97.54459
189.04,101.149155
195.79,103.613304
184.7,103.36204
201.17,99.08657
121.72,104.52112
117.05,106.72332
106.08,106.553764
92.84,105.13685
99.07,107.45735
101.76,101.5022
104.71,102.577156
104.28,103.44405
63.15,105.165215
65.58,105.7745
59.57,98.261116
60.32,100.30761
64.77,101.68798
72.74,102.392204
60.23,91.05363
60.46,96.226295
57.75,96.78296
60.97,98.17585
57.87,100.993935
56.74,102.30715
59.09,101.203415
52.8,104.026955
52.84,105.67333
53.66,104.88543
53.57,96.54089
54.16,97.284744
53.14,97.26322
53.53,99.37945
54.19,91.4892
52.75,75.7146
54.28,77.48216
54.5,72.156136
53.84,69.264626
51.4,75.735565
54.1,77.248245
56.33,79.495
57.81,72.7707
56.63,76.68899
58.75,81.92616
59.4,118.979515
59.49,94.810814
55.34,97.827736
57.47,102.79824
59.29,134.94751
71.05,124.05988
69.96,174.10666
71.45,129.37411
71.75,174.36699
80.07,159.48958
78.65,221.56526
83.16,221.89594
86.41,195.55978
84.66,177.80186
84.32,219.53685
83.0,162.62442
82.05,224.99332
78.83,197.81302
66.08,238.08018
64.98,230.52846
65.02,182.74716
64.36,222.19925
64.68,232.51407
66.03,242.00168
64.43,206.29565
64.4,154.74274
65.92,176.56497
67.37,201.8085
66.64,150.47467
65.94,184.40259
66.85,186.07399
67.12,201.95242
67.27,168.89201
68.47,140.81009
68.98,117.22173
67.69,128.28514
66.27,88.77148
64.98,101.716576
65.84,94.90745
65.29,93.307335
66.81,83.78498
66.77,87.46741
65.57,85.66608
66.86,85.882645
66.91,84.06618
67.28,87.04722
63.46,89.29223
65.41,95.973465
66.91,103.35038
67.0,94.104904
67.32,137.96309
67.86,98.362114
74.58,117.31015
68.39,133.80338
61.2,109.664055
68.74,99.95253
65.96,109.31125
65.39,130.67307
67.5,122.222466
67.09,109.56162
67.65,121.86877
62.87,97.17542
62.29,101.23641
62.4,91.53345
62.7,133.73987
64.55,126.2769
65.5,155.39635
64.98,126.451965
66.61,107.467766
66.09,120.539
67.34,132.6446
62.5,95.37486
62.89,142.0799
60.94,112.99286
63.0,133.57738
63.72,162.87769
65.75,121.01727
64.35,119.14359
63.98,107.14039
66.38,100.66476
63.54,97.66352
64.99,95.94428
71.83,123.9683
73.97,136.13269
74.74,109.53889
74.52,151.92732
75.54,102.67453
75.93,126.187805
75.01,108.35832
75.34,131.80319
77.53,170.36882
75.96,145.11078
78.05,135.5964
78.2,121.327385
77.44,145.09691
80.37,137.38232
77.44,110.38348
82.8,122.3656
75.03,113.65844
75.92,137.36906
87.04,162.583
87.58,151.56078
88.78,198.0307
90.38,135.01114
88.52,146.594
87.65,118.38829
88.64,151.51971
94.88,116.24262
92.14,137.72551
84.96,153.82898
88.56,111.14713
89.43,99.140015
93.64,98.64133
84.87,91.38688
94.51,99.65761
93.45,89.28308
102.46,100.01529
106.97,87.65428
109.09,94.57456
108.42,88.72312
112.03,89.70974
86.51,85.16822
84.61,90.2304
81.7,86.43886
77.34,84.69323
68.14,87.10397
70.27,85.18088
78.37,90.64335
88.84,87.19604
90.24,84.488434
95.32,84.32948
97.42,79.14972
98.68,81.001366
103.88,82.37501
103.69,79.34534
86.31,81.265816
90.18,80.23075
94.46,79.25199
100.37,80.21238
93.54,80.047455
95.28,80.6739
98.07,80.20772
97.94,79.662384
91.94,82.27541
111.7,79.99564
87.38,82.7108
58.5,81.688095
54.03,78.5379
42.75,80.38635
50.75,73.02055
50.66,73.89984
72.11,77.08399
106.22,80.20865
130.48,83.43561
122.97,84.52294
93.7,86.362434
174.81,87.281364
208.4,83.579544
112.06,81.62654
113.47,77.08373
87.06,80.459236
68.75,75.447815
9.65,79.124466
9.82,76.02107
9.78,76.51335
9.67,77.37938
9.63,78.17952
9.53,77.58982
9.57,77.03007
9.55,75.94795
9.36,78.79044
9.39,75.79357
9.4,79.317604
9.67,84.33978
9.65,75.90694
9.7,82.661705
9.69,105.924065
9.75,172.07019
9.8,156.0761
9.73,190.007
9.74,135.58516
9.75,85.93943
9.77,79.63678
9.72,74.95957
9.9,75.053185
10.01,87.10087
10.32,90.33846
9.5,71.7405
9.54,73.69386
9.53,73.20554
9.3,75.12157
10.33,142.27515
10.38,246.7869
10.51,368.199
10.52,397.32718
10.37,411.41925
10.64,415.74545
10.26,409.7421
10.27,421.45953
10.36,425.30057
9.94,412.2034
10.02,404.57724
10.0,397.4088
9.97,405.83957
10.03,402.088
9.74,404.9806
9.78,400.9216
10.04,407.3309
10.28,418.93454
10.25,406.46976
10.41,419.6646
10.07,418.29562
9.62,398.24857
9.54,392.65707
9.41,395.48666
9.94,408.55856
10.11,431.1683
9.93,406.558
9.6,396.892
9.21,405.49512
9.37,400.28622
9.52,414.72498
9.51,409.6568
9.52,404.9638
10.04,424.6926
10.28,418.92273
10.09,411.69617
11.36,431.50003
11.26,416.97293
11.3,425.82834
11.38,406.03848
11.01,419.89847
10.76,426.55252
11.17,416.39468
11.49,396.36127
11.21,402.36075
10.19,410.15125
10.14,404.7717
10.23,427.38757
9.72,425.79703
9.54,421.46335
9.71,410.43488
9.7,402.06406
10.16,407.07312
9.91,419.08347
10.87,425.0679
9.8,424.79105
9.46,412.2861
9.42,408.2048
10.23,414.3543
11.74,399.17856
11.74,397.83322
12.13,407.23526
12.86,394.96594
12.14,398.65652
13.15,409.84323
13.7,406.29666
13.62,408.49692
13.84,425.3096
14.13,418.41177
14.18,403.03226
13.57,407.76987
13.78,423.8782
13.22,430.90585
14.02,419.8052
14.6,427.02118
13.92,426.11777
13.4,413.73428
12.94,416.51987
12.15,402.09723
12.02,403.33633
12.12,405.5572
12.19,396.69318
12.07,425.11862
12.92,414.7628
12.86,427.82526
13.71,398.2153
13.24,399.49045
12.29,406.50668
12.1,397.87982
12.18,405.13242
12.07,415.39346
12.7,399.31708
12.76,405.8118
13.66,412.66055
13.99,400.5845
14.4,410.20074
13.53,418.88565
13.85,423.4353
14.01,414.96506
14.17,429.26855
14.57,397.7651
14.4,402.70724
14.66,422.35587
14.51,420.95316
14.12,425.30908
14.05,427.19308
14.12,415.71603
14.92,411.72498
14.45,405.08017
15.55,404.49933
15.59,396.92072
17.05,404.02466
16.06,397.72794
16.7,419.16293
16.88,423.7294
16.58,419.21396
15.81,410.83548
15.05,411.6229
14.9,400.37192
14.59,401.46957
15.23,396.9746
15.38,402.51648
14.18,409.9592
15.96,423.0657
16.27,408.2402
16.26,406.57388
17.25,400.3682
15.6,400.23026
14.26,412.75528
14.57,399.11435
14.68,420.01294
14.24,416.6959
14.19,425.19095
12.57,406.1065
12.57,400.109
11.89,411.0532
12.61,392.273
12.76,400.99698
13.01,397.50247
13.0,414.15866
12.63,404.89328
13.93,407.58676
14.72,418.70166
14.12,428.523
14.25,423.52277
15.14,424.60858
12.47,413.89163
12.26,401.22427
12.57,418.29135
12.87,418.13443
13.12,394.85657
12.94,406.4039
12.99,355.8925
13.82,386.538
14.66,411.3991
13.53,405.6358
13.7,392.04813
13.94,401.33347
14.37,403.45166
14.33,403.9951
14.65,411.2418
14.41,404.25436
14.16,422.9208
14.31,405.57907
15.06,406.44827
15.2,406.47604
14.33,418.0486
14.65,405.34378
13.29,394.85953
15.27,402.96848
13.63,415.62466
12.88,401.73624
13.38,413.9744
12.58,430.8673
12.35,421.08365
12.28,408.69717
11.77,413.73172
12.21,400.16315
13.06,418.07306
13.24,403.00247
13.54,395.65466
12.95,407.23788
12.23,423.1455
12.04,413.50653
11.87,399.76334
12.12,404.12125
12.46,403.1637
12.26,399.84256
12.45,420.55798
12.19,420.30087
13.36,402.11865
12.62,399.36087
11.07,408.55734
11.06,423.41574
10.35,420.4338
10.2,420.9091
11.64,398.95016
11.51,427.00693
12.06,421.40518
12.78,413.2381
13.09,427.24313
11.74,416.67453
10.07,422.05707
9.98,418.55472
9.16,402.0504
8.99,399.59164
8.95,404.18808
8.99,408.3956
9.11,425.37314
9.1,421.8882
8.96,416.3185
10.12,425.57297
8.04,404.85632
8.27,406.04184
7.67,416.13492
8.31,405.79288
8.31,402.4862
9.03,395.187
9.38,425.39523
10.11,428.84735
10.35,419.12918
10.22,430.09604
10.22,410.13632
10.51,401.75302
10.44,412.09796
10.66,400.81284
9.9,397.749
9.35,408.5649
9.14,428.22852
9.69,422.10593
8.9,422.40952
9.38,426.1329
9.9,417.84573
11.08,424.95047
10.7,408.22028
11.69,414.01334
11.2,424.1425
10.93,399.067
10.4,401.0466
8.99,432.93805
9.32,419.9978
8.7,425.7014
9.26,413.30447
9.73,402.10892
8.6,403.46805
8.1,403.39868
8.29,400.57858
6.71,410.1758
8.46,400.74045
9.75,408.2575
9.65,403.40628
9.52,405.45108
11.15,416.8919
11.25,431.80515
12.76,425.56995
13.54,418.90158
13.25,405.13425
13.22,422.32156
13.23,404.4164
13.63,399.5831
13.09,399.1731
13.01,406.88174
14.07,398.32626
16.19,418.61658
14.94,416.92618
14.28,428.05972
14.2,428.14078
13.89,417.68002
19.56,426.8665
20.78,406.08228
22.17,415.07535
22.32,426.9205
21.04,421.343
17.39,430.7742
17.41,423.2491
18.26,401.22488
18.66,404.7021
22.76,414.3135
14.92,401.82782
9.21,401.5607
9.54,403.8198
8.84,398.52222
8.41,404.944
8.64,414.69217
7.84,415.09268
8.81,403.67963
9.32,410.05676
10.11,425.89926
9.03,411.74814
6.56,392.69846
5.29,396.23398
4.84,414.01685
4.34,414.433
5.18,427.47488
5.18,407.10013
5.79,391.43433
5.62,404.26086
5.76,383.34702
4.66,408.33206
4.0,423.2217
3.16,421.75583
2.78,410.74185
2.68,417.69553
2.71,401.25784
2.48,406.0181
2.61,430.0637
2.83,425.48874
2.78,418.33215
2.59,427.6401
2.6,419.46747
2.49,412.65103
2.23,424.55313
2.08,405.00238
2.07,407.86862
2.0,398.25388
1.75,421.5043
1.92,430.4529
1.94,425.73892
1.85,420.46207
1.87,425.6336
1.72,406.84702
1.55,412.90323
1.61,400.90738
1.57,414.95956
1.62,411.55862
1.61,431.91263
1.67,424.70352
1.51,428.33905
1.58,422.471
1.53,419.1058
1.59,418.62198
1.69,426.33847
1.52,410.98862
1.67,412.0095
1.8,405.9868
1.99,423.4987
2.03,414.67618
1.81,433.19424
1.57,430.79294
1.52,427.34152
1.64,421.321
1.46,427.8995
1.3,423.71585
1.26,411.30923
1.31,418.80792
1.31,420.63657
1.24,423.68567
1.15,435.3798
1.17,430.2592
1.21,418.2102
1.25,419.28146
1.25,406.1481
1.18,410.3194
1.21,419.44846
1.25,432.85587
1.24,410.09372
1.28,425.30115
1.33,402.8304
1.39,408.3024
1.44,429.70657
1.56,400.64108
1.54,403.7188
1.44,399.5054
1.34,413.835
1.43,426.9222
1.39,425.00223
1.4,422.2061
1.22,412.0448
1.58,428.16342
1.58,424.18768
1.68,420.9125
1.6,408.91946
1.82,421.5827
1.96,424.80914
1.53,425.3644
1.28,419.8253
1.27,407.3616
1.38,406.52887
1.14,407.2557
0.860747,425.3257
0.917059,409.59122
0.783268,415.32663
0.770965,398.364
0.715893,404.42892
0.70214,401.8406
0.74789,398.54105
0.802425,403.56552
0.909202,403.29968
0.789589,417.6664
0.804198,425.87683
0.799709,420.8325
0.678784,408.17938
0.937204,419.41397
1.04,416.05557
1.03,430.0847
0.942159,394.86972
0.989301,406.2411
1.01,409.7977
1.37,402.68265
1.09,402.79526
0.973716,414.57004
1.05,433.49518
1.58,426.96347
1.99,422.40378
2.38,408.63812
2.2,426.54166
2.35,423.30466
2.33,419.10754
2.04,429.14053
2.01,418.1421
2.17,424.12527
2.5,413.52097
2.38,404.97583
2.58,404.56927
2.49,405.1838
2.7,424.27896
2.5,410.98984
2.09,428.8404
2.38,414.58743
1.97,396.49734
1.44,401.98566
1.06,415.38828
1.3,421.71246
0.876828,413.3734
0.446365,402.16034
0.392572,400.4482
0.349079,425.28244
0.242912,421.77557
0.224421,407.9337
0.148848,395.6314
0.130999,398.7229
0.128871,406.45712
0.107494,413.9249
0.106642,413.8644
0.100452,425.85593
0.099867,425.0363
0.10425,417.59848
0.106414,402.2813
0.107811,398.89728
0.104067,413.67236
0.107737,401.3386
0.105138,419.81235
0.10587,406.98666
1.87,424.32288
1.87,429.8561
1.96,412.48383
1.82,431.2418
1.74,428.47113
1.56,424.67288
1.7,417.30685
1.54,429.0252
1.25,424.5991
1.3,420.3044
1.55,424.66367
1.74,423.8393
2.07,420.87033
1.66,423.8552
1.83,419.69052
2.29,419.73694
2.59,427.007
2.8,417.50195
3.36,425.4215
3.0,414.70737
3.37,407.03537
4.09,412.4251
2.71,410.2681
1.01,424.27548
40.35,413.38535
41.07,426.45798
42.85,404.30273
40.54,388.29358
41.13,406.561
43.92,409.03262
44.49,424.31647
47.34,423.87247
47.71,418.96896
47.79,414.38077
47.22,429.16818
50.32,426.17465
46.04,413.19077
47.65,404.68326
35.7,403.39804
30.22,408.42776
30.22,426.54767
30.64,406.24326
29.5,403.32315
33.22,406.58896
30.44,399.55646
29.68,403.76508
30.21,418.45694
28.39,406.47928
30.55,405.39413
30.84,431.36685
27.94,428.01468
27.66,382.66037
28.94,390.65005
28.8,338.6144
25.3,393.89713
24.14,327.20813
25.21,333.22705
24.22,324.1001
23.74,260.84387
23.75,284.80667
29.9,285.49728
34.45,250.55612
32.11,265.09613
25.38,292.77866
26.3,276.22412
27.51,350.3395
27.7,345.27774
28.36,345.27725
25.4,375.39322
23.33,361.68784
25.37,353.24332
28.89,378.06436
28.91,368.44745
27.45,410.48685
30.72,404.03745
31.96,358.24454
33.58,393.85724
28.96,418.37698
30.29,388.46194
28.16,361.39163
26.27,411.42343
23.39,423.2512
21.04,406.9659
15.9,418.20364
15.92,423.2216
15.71,411.18637
15.74,387.44412
14.34,370.33395
14.62,367.00754
14.85,399.30725
15.21,408.01535
14.97,389.34915
13.94,393.05643
13.06,399.28275
11.23,418.562
10.33,422.9824
9.66,411.55722
10.32,370.76794
10.42,379.23605
10.71,401.04477
10.79,368.2871
10.39,384.91116
10.15,366.35822
10.79,389.73563
8.85,391.90036
8.92,372.39578
8.71,419.02383
9.92,403.1661
9.37,422.811
10.25,423.73972
11.09,422.09464
8.29,414.756
8.07,408.48605
7.74,422.9656
6.88,419.06113
6.67,413.15845
6.98,400.76718
4.19,412.4934
4.16,422.65506
4.08,425.33414
4.06,431.2393
4.07,427.0236
4.08,422.5451
3.98,419.84113
3.94,406.94528
4.01,409.1059
4.03,408.36716
3.96,417.00766
3.97,425.98917
4.06,414.2159
4.24,420.4598
4.16,434.36252
4.06,420.73434
4.17,409.18552
3.84,402.1486
3.8,412.6021
3.75,403.2236
3.84,418.74698
3.78,435.79242
3.82,425.84256
3.92,431.63342
3.9,429.87903
3.88,423.80215
3.92,429.90338
3.92,433.94
3.8,423.64584
3.77,424.89255
3.8,419.8708
3.83,417.84744
3.83,417.4053
3.85,425.2817
3.84,418.3023
3.81,405.97403
3.78,417.87485
3.77,422.03308
3.76,405.70993
3.79,391.79495
3.83,397.00253
3.79,418.14618
3.81,418.2305
3.77,415.8762
3.72,435.4789
3.76,423.18008
3.79,422.36203
3.78,408.62097
3.8,420.90274
4.02,405.4376
4.04,403.98636
4.04,413.6982
4.04,408.16272
4.06,400.4731
4.08,412.1713
4.09,432.86072
4.08,420.0956
4.08,407.86612
4.02,410.57205
3.85,409.95554
3.85,403.8221
3.86,420.39566
3.83,425.07742
3.71,428.5641
3.79,424.65634
3.84,421.51425
3.84,402.90402
3.9,408.52963
3.89,419.40665
3.86,413.71854
3.84,434.61447
3.94,425.52054
3.9,407.32968
3.93,408.15002
3.9,420.5846
3.89,395.29227
3.96,395.52176
3.85,408.65677
4.59,418.13593
4.3,405.217
3.99,421.0617
3.96,437.9554
3.86,432.71097
4.29,420.8031
4.84,427.2343
4.63,426.70114
4.65,423.82034
4.51,409.35385
4.33,408.59622
4.39,406.50522
4.56,401.05295
4.57,415.79706
4.47,418.28256
4.36,420.59464
4.35,401.666
4.55,410.35867
4.66,400.573
3.71,419.29492
3.65,424.95856
3.66,405.17062
3.66,392.45282
3.68,393.22256
3.7,416.52985
3.63,422.62323
3.62,423.42426
3.62,409.89307
3.65,398.5084
3.66,402.93674
3.64,414.31992
3.68,413.9097
3.69,425.85104
3.69,422.07135
3.62,412.24557
3.54,404.8516
3.53,410.9222
3.9,425.21213
3.92,424.77905
3.95,418.1838
3.91,399.215
3.89,424.78128
3.87,435.68442
3.88,423.11237
3.88,421.8702
3.89,411.28232
3.92,408.02243
3.91,418.64438
3.93,424.23166
3.95,418.76498
3.94,419.7058
3.92,400.19736
3.95,416.24844
3.96,410.9031
3.94,401.80652
4.02,404.32834
3.89,419.19986
3.88,434.9311
3.88,428.89993
3.76,411.66647
3.82,395.072
3.82,407.62076
3.86,402.96198
3.84,420.5911
3.84,416.84302
3.89,422.45834
3.87,411.80087
3.88,412.7084
3.86,405.7049
4.1,404.03653
4.09,405.0538
3.99,398.09552
4.03,408.7676
4.09,418.19736
3.97,423.894
4.02,403.56958
3.96,406.2022
3.9,400.01535
3.87,410.12573
3.92,434.17944
3.89,424.72568
3.81,429.50937
3.78,426.37802
3.8,411.4227
3.84,412.1892
3.91,403.49396
3.89,418.26767
3.87,412.68558
3.9,395.59677
3.91,410.9001
3.76,424.97256
3.82,394.3461
3.8,396.0182
3.82,409.28555
3.84,422.57568
3.86,409.275
3.85,414.3347
3.84,430.199
3.82,413.53302
3.84,432.47427
3.84,427.01508
3.85,421.48746
3.84,408.10748
3.85,424.46988
3.84,426.47458
3.85,421.5399
3.86,409.65063
3.81,398.0512
3.81,415.59802
3.81,408.126
3.77,427.22073
3.84,433.43668
3.84,416.0315
3.83,422.12265
4.04,408.0673
3.81,406.5401
3.81,411.7403
3.81,423.89566
3.83,409.39734
3.82,407.49316
3.82,405.4252
3.86,428.02734
3.97,410.27966
3.97,416.69577
3.99,397.97202
3.97,423.75195
3.97,440.10727
3.98,416.9894
4.01,427.3937
3.89,415.57333
3.82,402.68683
3.83,404.95944
3.8,393.97607
3.8,404.07562
3.76,428.43906
3.74,417.87048
3.74,412.1721
3.83,406.80545
3.8,418.1082
3.86,414.6334
3.93,396.738
3.66,398.7498
3.62,407.84628
3.62,401.41476
3.6,404.3209
3.61,421.9189
3.6,410.2686
3.64,421.19763
3.58,435.28073
3.65,427.35834
3.71,420.3824
3.71,430.09024
3.74,418.7543
3.72,426.0486
3.76,422.75955
3.79,409.809
3.78,401.66287
3.76,411.8812
3.73,396.89606
3.75,413.47128
3.72,435.4092
3.64,423.2582
3.86,407.34494
4.01,422.58975
4.06,393.29947
4.08,398.17548
3.97,407.86307
3.96,419.03836
3.97,401.88718
4.03,410.0941
4.07,403.14966
4.06,411.75125
4.04,428.0792
4.12,423.20212
4.13,413.13293
4.15,430.7628
4.15,418.82544
4.19,393.3705
4.13,402.8295
4.16,404.58194
4.15,415.2626
4.14,423.46323
4.15,419.3606
4.09,410.5405
4.1,405.26337
4.16,408.9263
4.22,418.54984
4.11,406.80063
4.47,404.24442
4.45,410.58618
4.54,404.08267
4.25,409.48865
4.59,406.0048
4.26,424.96497
4.19,409.4349
4.06,420.07312
4.1,415.62473
4.12,420.22556
4.07,439.04587
4.23,425.1403
4.28,408.4575
3.85,397.79294
3.91,404.49033
4.82,392.5056
5.29,409.52963
5.59,420.86478
5.56,423.99435
5.59,407.8096
5.66,429.52023
5.24,428.02557
5.2,428.51883
5.29,415.47348
5.33,420.1296
5.01,421.10287
4.84,402.03403
4.69,417.03958
4.75,439.3351
4.77,403.86935
4.96,397.0233
4.81,401.0876
4.81,405.26932
4.86,410.97214
4.72,402.80557
4.74,422.43344
4.65,425.83438
4.67,417.8278
4.61,405.2003
4.7,418.85434
4.5,429.51913
4.08,425.50415
4.05,425.56705
3.95,414.98895
3.97,406.72
3.93,406.88248
3.95,419.81677
3.88,412.5005
3.83,423.00443
4.0,431.41016
3.98,421.71323
4.01,429.51648
4.06,420.40982
4.01,407.07376
3.93,415.70236
3.86,437.2974
3.88,433.95883
3.82,423.79926
4.06,425.46628
3.94,418.42477
3.95,420.1004
3.82,420.93222
3.71,426.02225
3.75,413.04092
3.74,399.29147
3.68,411.6254
3.71,399.6158
3.66,412.8546
3.81,425.84833
3.79,427.51685
3.89,425.45377
4.05,423.34164
3.81,412.849
3.63,409.05756
3.33,426.04666
3.32,421.73734
3.35,443.56314
3.28,432.4637
3.29,422.10724
3.24,431.131
3.26,426.79428
3.27,420.25742
3.28,409.01645
3.24,399.34363
3.24,410.49478
3.26,393.07095
3.24,409.76324
3.23,429.3053
3.22,427.09692
3.22,428.27313
3.25,419.82248
3.26,429.16342
3.25,426.90067
3.25,416.86014
3.26,425.33505
3.26,412.1944
3.24,409.2978
3.26,419.66977
3.22,426.40433
3.23,416.41702
3.26,407.67868
3.3,428.273
3.23,415.5392
3.23,432.72586
3.22,404.25958
3.24,395.66324
3.23,399.35513
3.2,403.1178
3.21,417.54538
3.18,397.52127
3.17,405.21915
3.31,423.07397
3.31,405.53854
3.31,423.1911
3.3,417.14017
3.31,396.63406
3.29,405.448
3.38,429.18167
3.29,419.08945
3.28,406.72046
3.25,408.22797
3.27,422.93112
3.22,427.82248
3.19,420.2185
3.25,434.23276
3.32,406.9566
3.37,396.1431
3.43,408.28455
3.45,424.97363
3.44,420.0615
3.41,405.69785
3.42,400.5535
3.37,429.1204
3.37,420.89377
3.4,430.53934
3.48,421.73605
3.46,428.45654
3.46,424.17462
3.25,401.5657
3.25,404.57648
3.24,400.86877
3.21,404.84348
3.18,406.4484
3.21,419.75076
3.13,416.6096
3.11,426.4268
3.08,423.84814
3.1,417.00632
3.08,399.94736
3.06,404.77225
3.09,408.57748
3.1,427.50186
3.14,432.04263
3.16,421.07065
3.05,431.02365
3.08,425.10635
3.08,416.98856
3.05,424.72458
3.08,428.43533
3.11,422.62436
3.12,422.66748
3.29,411.10797
3.15,425.45102
3.13,413.88535
3.18,404.53207
3.1,397.14743
3.08,387.26413
3.22,403.89185
3.39,419.7742
3.02,404.37772
3.05,408.58823
3.03,415.5351
3.09,394.77228
3.0,397.88858
3.47,385.61298
3.48,399.11514
3.49,421.79178
3.56,416.7559
3.54,406.56134
3.56,428.2104
3.57,415.24545
3.6,395.05954
3.45,409.551
3.47,433.26498
3.5,419.96854
3.48,410.18335
3.5,421.25827
3.51,401.9681
3.48,397.51724
3.46,408.8544
3.5,398.9977
3.47,407.2922
3.48,418.11798
3.42,407.2142
3.62,410.38663
3.64,422.3588
3.58,432.1512
3.42,417.50687
3.46,411.84378
3.54,421.79135
3.72,397.35675
3.76,406.04968
3.74,422.39404
3.7,407.01755
3.83,400.47073
3.61,405.2297
3.63,423.90506
3.61,399.55142
3.84,382.9437
3.66,397.74396
3.67,426.53955
3.69,426.65732
3.65,414.82767
3.47,404.26407
3.52,400.1079
3.36,407.1439
3.38,417.61356
3.34,412.62155
3.43,405.54117
3.62,429.47208
3.67,420.9935
3.52,404.8481
3.58,402.8727
3.61,423.8852
3.34,414.06345
3.11,426.29428
3.12,453.8289
3.14,457.2972
3.15,449.58282
3.12,457.10544
3.13,442.48636
3.19,449.84274
3.2,429.58676
3.19,428.35257
3.07,438.06412
3.19,449.55182
3.23,410.40033
3.28,419.23398
2.97,438.28937
3.12,429.1462
3.4,419.40256
3.42,413.2835
3.6,412.6443
3.55,424.7585
3.96,407.5735
4.23,406.1342
4.59,407.0094
4.16,426.57178
3.96,423.33566
3.8,402.27325
4.06,408.06894
3.78,421.9755
3.1,434.39166
3.09,406.06766
3.1,401.21017
3.07,401.6121
3.1,403.0953
3.11,407.46713
3.11,398.78873
3.08,401.32422
3.09,411.09918
3.05,425.5852
3.02,421.5561
3.07,418.9116
3.11,406.18478
3.1,429.23935
3.14,428.40408
3.18,420.5505
3.14,418.79593
3.15,404.9927
3.11,409.28418
3.11,417.64938
3.06,425.59952
3.06,425.42978
3.15,433.61902
3.02,421.5047
3.01,401.04846
3.03,406.8467
2.99,407.99838
3.0,401.07327
3.01,407.81622
2.97,422.9433
3.07,427.6295
2.87,428.95325
2.89,410.65228
2.89,410.15347
2.93,432.75415
2.87,418.7316
2.84,422.83353
2.8,428.91153
2.85,412.94962
2.87,409.14563
2.96,401.2349
2.91,419.914
2.8,439.5246
2.82,421.14554
2.84,408.63742
2.82,412.49426
2.83,425.23062
2.96,423.97787
2.95,425.18988
2.92,409.15012
3.05,403.82388
3.05,400.85513
3.05,420.85846
2.92,427.08957
2.7,412.88205
2.63,423.15305
2.8,420.43817
2.82,402.26553
2.84,400.155
2.85,413.08792
2.88,405.39578
2.91,400.60217
2.87,413.76254
2.95,420.14993
2.94,432.38046
2.99,428.87036
3.39,421.9786
3.51,405.49765
3.57,410.62534
3.61,414.29172
3.48,405.56522
3.47,402.69742
3.98,417.86362
3.95,404.2547
3.93,403.72086
4.03,426.67612
3.88,395.55084
3.99,397.74573
4.16,404.93243
3.95,405.1178
3.9,415.44293
3.85,423.82925
4.21,406.50858
4.06,399.78262
4.35,410.4196
4.38,406.89432
4.16,407.04373
4.17,424.14072
4.15,406.08984
4.64,408.62082
4.58,425.73727
4.8,421.77908
5.06,409.44794
4.67,400.35995
4.66,407.49472
4.63,395.4774
4.6,411.05545
3.78,425.77603
3.82,423.1353
3.77,406.50455
3.94,398.21512
3.77,408.4053
4.0,397.05185
3.79,407.65274
3.69,424.23483
4.21,418.20853
4.65,411.43484
4.68,430.92856
5.29,432.56293
4.37,421.32803
4.51,409.03598
7.54,413.62753
6.36,422.07193
5.23,403.6055
5.42,425.00308
4.95,419.3376
4.11,393.15652
4.12,402.15494
4.07,405.63754
3.92,401.34592
4.09,425.18588
3.74,400.82584
3.31,399.98386
3.1,417.26825
2.86,420.9423
2.85,416.58395
2.78,429.83188
2.97,425.34396
3.03,423.27457
3.02,409.55386
3.04,428.92316
2.81,425.94028
3.1,425.55203
2.89,425.24826
2.88,420.2822
2.02,411.95084
2.0,405.56546
1.86,411.95776
1.8,418.65128
1.79,420.8756
1.76,427.93924
1.8,404.253
1.79,421.21695
1.73,436.24228
1.76,434.407
1.76,423.117
1.67,428.87943
1.69,420.21997
1.67,419.68365
1.62,421.2686
1.64,408.6178
1.81,420.8566
1.83,424.5584
1.84,411.68353
1.85,428.65695
1.82,431.36917
1.8,417.99838
1.83,429.31082
1.79,423.9018
1.83,405.2198
1.48,399.16122
1.46,408.2014
1.45,402.0153
1.45,412.84415
1.45,426.49228
1.45,415.84
1.45,404.5861
1.45,415.5624
1.45,439.7415
1.45,439.8264
1.44,424.69577
1.44,424.3388
1.45,418.4157
1.48,410.57825
1.46,417.69046
1.39,404.21817
1.41,424.6526
1.41,423.66446
1.43,426.7715
1.42,399.95627
1.41,404.90097
1.44,425.6425
1.36,432.18414
1.36,418.72983
1.38,409.74857
1.32,410.55206
1.4,422.43698
1.42,410.3314
1.46,425.5134
1.45,440.32047
1.42,421.32327
1.41,419.3918
1.39,430.89297
1.41,402.79855
1.41,406.51065
1.42,403.98453
1.38,414.41928
1.38,424.89438
1.38,420.65207
1.46,419.83566
1.46,408.5582
1.53,406.8027
1.59,420.42032
1.63,429.1415
1.67,427.9315
1.69,403.23248
1.7,398.323
1.69,406.0717
1.7,397.97348
1.68,405.10205
1.66,404.21164
1.65,406.88678
1.67,408.6407
1.66,411.5162
1.7,423.13693
1.69,410.4794
1.7,424.65143
1.67,426.70523
1.65,420.6293
1.78,399.6626
1.8,415.65903
1.75,407.6774
1.77,418.19363
1.76,410.9706
1.74,391.94986
1.98,406.4977
2.03,423.07443
2.02,408.15964
2.0,425.0228
2.01,401.37967
2.04,394.92496
2.03,405.91068
2.01,416.01694
1.94,417.981
1.89,408.16638
1.91,410.7077
1.9,420.50034
1.92,421.35968
1.93,439.87457
1.96,432.19165
1.94,422.95303
1.89,422.6379
1.84,409.31747
1.85,408.00644
1.81,414.65024
1.8,430.4772
1.83,435.21964
1.82,432.39966
1.8,422.82126
1.85,429.9166
1.85,416.5145
1.85,406.3046
1.83,422.5576
1.85,408.73697
1.8,399.57352
1.84,412.2445
1.94,418.79465
1.82,423.92593
1.76,410.64304
1.73,430.09225
1.76,396.016
1.73,404.5543
1.78,430.49164
1.78,426.79843
1.76,421.62582
1.74,419.00873
1.79,403.4443
1.82,417.45163
1.88,409.3666
1.8,424.49472
1.87,403.52304
1.9,397.26834
1.92,413.2871
1.87,426.01685
2.09,401.87753
2.08,407.61502
2.25,416.91846
1.84,404.02982
1.43,401.47995
1.42,400.09927
1.37,411.95828
1.32,434.17258
1.34,428.5721
1.33,420.91568
1.29,430.63922
1.4,420.9997
1.28,412.05405
1.16,422.9058
1.54,413.91425
1.71,401.55527
1.72,427.4918
1.65,416.91513
1.98,392.71548
2.01,402.9554
2.12,408.42966
2.11,409.749
2.08,400.84775
1.96,409.6531
2.13,404.97397
2.67,415.9224
2.7,419.9529
2.72,424.6974
2.7,399.40518
2.69,397.935
2.73,407.5433
2.72,408.09695
2.78,420.87387
2.7,410.01205
2.74,410.77505
2.88,407.0326
2.89,406.2227
2.85,427.28488
2.92,402.11948
2.87,399.49506
2.81,409.91165
2.94,420.28558
3.02,403.58258
3.45,425.13803
3.48,415.5768
3.48,398.33093
3.49,398.34744
3.48,397.38828
3.5,408.11795
3.52,414.33224
3.65,406.66568
3.71,410.96622
3.61,407.54898
3.62,403.6763
3.59,397.68106
3.61,408.69138
3.63,425.78683
3.58,417.01547
3.58,417.30222
3.59,405.2338
3.6,406.48816
3.56,427.10532
3.56,419.575
3.57,406.34348
3.63,425.5679
3.59,424.8644
3.52,419.13736
3.5,397.41098
3.61,403.89053
3.81,425.22873
3.77,424.6745
3.88,424.09076
3.88,397.15973
3.85,398.98904
3.99,408.27414
4.1,398.05386
4.07,415.57114
3.68,407.63596
3.7,403.69467
3.63,399.95657
3.56,420.71454
3.56,429.64993
3.65,421.7551
3.64,428.54733
3.59,423.27463
3.58,411.54858
3.59,407.70493
3.57,416.2858
3.75,424.60822
3.79,414.1993
3.73,425.15686
3.85,402.6653
3.81,394.19742
3.73,406.9116
3.67,416.60428
3.75,400.63916
3.74,417.97977
3.84,425.35074
3.94,422.9614
3.91,408.72598
3.99,408.3638
4.06,398.63675
3.99,403.6935
3.99,412.8904
4.06,400.63693
4.08,409.28613
3.86,421.1274
3.85,408.56985
3.77,407.98114
3.81,407.8375
3.9,438.0303
3.91,425.3772
3.86,425.89096
3.82,409.18997
3.7,405.61124
3.94,418.67386
4.18,418.941
4.32,429.26743
4.43,424.17203
4.47,395.417
4.25,401.40076
4.23,403.27835
4.42,405.56314
4.43,414.87686
4.51,425.31644
4.67,413.26108
4.75,403.83713
4.24,409.3483
4.25,398.60458
4.29,400.66336
4.33,416.18066
4.69,423.8345
5.06,415.9882
5.07,403.01352
5.18,403.7383
5.4,392.62146
5.45,395.59756
5.38,402.31134
5.45,395.0682
5.34,399.78824
5.07,406.7048
5.1,424.39932
5.16,407.6647
4.98,425.87735
4.96,428.11722
5.18,417.77432
4.87,412.95874
4.82,425.8256
4.71,411.16104
4.86,405.58093
5.23,430.84448
5.36,423.0822
5.28,417.42776
5.39,401.2542
5.54,399.2396
5.21,406.5333
5.45,413.37503
4.9,399.70456
5.25,415.66
5.8,424.75174
5.45,413.06638
4.67,432.5615
3.71,406.23135
4.33,399.87198
4.98,423.71622
5.05,429.93906
5.04,427.5693
5.04,410.55734
5.65,407.4308
6.06,409.47733
6.95,415.5297
6.94,403.0292
7.06,401.74918
7.18,401.49643
7.18,400.78055
7.27,409.34158
7.41,400.2451
7.54,415.47507
7.63,405.3287
7.7,407.85745
7.54,394.41626
7.26,418.21292
7.65,412.934
7.59,415.58585
7.75,429.53812
7.6,418.7493
7.55,401.54498
7.79,412.32724
8.46,399.21658
8.57,418.97247
8.59,407.89594
8.46,395.64822
8.61,396.75668
8.72,400.51334
8.66,416.3561
8.32,413.46274
8.56,403.15228
8.62,410.3041
8.9,424.14755
8.62,428.6619
7.85,405.6114
7.79,407.0165
7.79,396.56204
7.73,426.5827
7.56,430.3837
7.11,422.4987
7.28,412.80698
7.34,423.52145
8.03,424.30847
8.16,423.6896
7.79,416.5375
8.95,401.48874
8.96,401.70508
9.19,407.44595
9.25,402.40054
9.09,397.8635
9.19,408.5012
9.63,402.26242
9.72,411.4213
9.77,423.94565
9.83,404.0145
9.83,402.0146
9.99,398.7501
9.68,414.8454
9.66,413.06982
9.71,403.98032
9.94,410.10318
9.93,429.54337
10.25,420.94458
10.17,401.62936
10.94,412.0851
11.11,395.59265
11.18,396.5438
11.27,403.19754
11.11,395.24188
11.2,405.6036
11.29,406.6454
11.06,406.84433
11.48,422.16513
11.36,406.30673
11.14,415.14682
10.93,419.54047
11.25,392.43457
10.78,409.57968
11.03,425.82376
11.15,425.0506
11.56,412.84518
11.53,427.2673
11.1,408.46182
11.23,402.18546
10.67,398.38525
10.59,411.2557
10.63,425.0066
10.3,411.9727
10.36,430.02563
10.35,418.8391
10.41,425.26047
10.45,426.9905
10.43,413.3277
10.42,411.48572
10.41,405.37277
10.36,405.3393
10.73,417.3151
10.75,417.77997
10.45,421.38083
10.51,400.58984
10.33,391.32996
10.18,409.51767
10.32,419.321
10.31,410.94638
10.5,431.83865
11.1,419.68637
10.9,396.95404
10.4,397.5706
10.13,415.26797
9.92,424.34756
10.57,422.0526
10.79,413.46915
12.55,401.36832
12.13,399.50638
12.07,397.27567
12.5,410.0964
12.62,405.4471
12.82,402.79837
12.06,408.27316
12.52,419.6717
13.37,421.90073
13.25,401.42014
11.52,398.909
10.31,419.11166
10.66,430.3781
10.95,425.1921
8.46,411.5819
11.19,423.10202
11.36,422.31778
11.26,402.49664
11.64,409.25928
11.19,402.9291
11.02,406.00583
11.05,423.4706
11.29,415.5896
13.13,424.63657
12.75,398.0137
13.14,396.46457
13.45,408.3682
13.74,404.32315
12.48,400.9177
16.27,411.16168
16.3,399.08414
16.19,393.54404
15.36,407.17685
15.71,416.32678
15.7,416.2667
16.47,409.73074
17.24,403.249
19.42,398.0407
17.31,391.04086
17.35,402.8478
16.9,420.94644
16.59,413.32516
17.02,425.01605
17.18,417.40845
16.14,403.47357
16.01,416.79373
16.0,425.42554
15.41,416.25476
15.85,428.72763
16.46,422.53088
16.34,404.66238
17.07,401.85828
14.27,408.70627
12.74,396.60977
13.65,434.9725
13.23,421.59317
14.29,411.07013
14.23,413.33472
13.82,400.43973
14.55,410.02402
15.49,425.87744
14.94,400.7744
13.89,403.0109
13.98,417.47882
15.73,421.3604
15.62,408.01175
15.49,399.77835
15.2,406.19766
16.17,414.43692
16.41,419.34024
15.29,400.15726
16.95,417.2491
17.46,404.89066
17.74,393.55618
18.22,399.6694
18.08,415.56042
18.54,398.18735
19.91,407.46396
20.78,395.24124
21.46,394.53763
21.91,400.50497
22.4,400.23935
22.47,398.75558
22.13,399.00027
21.69,406.13132
21.92,420.2576
21.55,416.01816
20.02,404.52377
24.12,421.50372
23.08,412.8327
20.72,380.88647
22.38,413.22318
23.65,421.64377
24.73,397.48502
25.2,399.06497
25.44,383.96692
24.55,394.33237
23.71,413.2935
24.46,418.52585
25.22,415.26126
24.1,390.80234
24.27,401.55283
25.09,420.7941
26.79,402.83475
24.93,366.61942
24.43,386.29434
24.39,420.97293
23.25,412.90732
29.22,421.16104
26.83,384.80243
25.11,372.92703
24.82,408.3323
25.76,412.92026
24.62,409.4659
24.35,375.90573
24.38,419.24228
24.07,411.5036
22.56,401.759
23.27,424.8428
24.76,422.37653
21.15,399.43555
17.64,402.44742
17.89,431.19333
16.86,423.79398
16.73,417.3932
17.57,424.55954
19.91,409.2419
13.39,399.97623
21.97,414.85995
24.64,426.40927
31.28,392.02197
30.38,395.22424
31.2,379.64835
31.59,390.724
30.98,356.61404
36.29,398.28357
31.57,366.98605
27.27,365.9785
23.29,394.72397
29.84,411.0577
37.75,406.03748
44.73,356.47723
39.79,354.7798
33.18,314.95132
34.74,348.23654
40.47,355.48093
37.74,339.18668
43.39,327.96088
39.04,349.38608
20.35,281.21558
12.27,340.86935
10.41,394.36523
10.61,420.07495
10.13,417.65976
9.35,411.45126
7.98,420.72583
8.03,417.86588
9.37,420.5798
4.09,409.69888
4.3,419.78528
4.21,429.90228
4.29,418.01437
4.11,422.32724
3.98,413.5163
4.0,423.0439
3.93,419.94412
4.22,418.37613
4.61,424.13443
4.39,401.1782
3.39,401.63992
3.04,421.27777
3.08,430.03027
2.88,424.94363
2.7,419.84976
2.45,428.31656
2.36,424.83823
2.29,421.94992
2.13,422.3079
2.18,423.04575
2.13,423.0101
2.21,414.4009
2.18,420.39893
2.27,405.56744
2.05,404.11453
1.7,424.21146
1.82,432.70035
1.93,436.08102
1.88,419.00772
1.9,414.74847
1.91,419.92978
1.92,413.05518
1.96,409.95612
2.05,406.90292
2.13,402.68063
2.12,397.37222
2.07,402.68228
2.03,415.1517
1.92,420.46664
1.98,411.31918
2.1,432.5389
2.17,414.91168
2.15,401.6935
2.2,407.67838
2.17,411.32635
1.97,399.96378
2.42,425.4312
2.35,424.92706
2.3,398.3002
2.25,413.66135
2.4,415.8293
2.39,420.38425
2.37,404.67508
2.47,410.98105
2.47,418.05038
2.53,406.17178
2.51,418.90524
2.48,406.949
2.62,405.4387
2.56,417.0962
2.6,412.89066
2.63,399.01688
2.64,411.46713
2.54,429.47147
2.67,402.27164
2.7,406.7549
2.72,407.42307
2.64,424.50046
2.73,407.48346
2.73,411.1025
2.71,419.15274
2.69,403.27945
2.75,396.51685
2.81,400.8348
2.6,434.00784
2.56,418.4374
2.58,415.8671
2.58,424.34637
2.66,407.93063
2.55,426.35788
2.52,419.527
2.57,407.59146
2.57,408.46765
2.59,407.22177
2.69,395.50015
2.72,404.03995
2.75,418.7227
2.7,413.2338
2.78,400.69095
2.82,410.08505
2.8,415.47647
2.82,423.87265
2.72,426.4607
2.76,413.98135
2.73,421.59122
2.74,429.28775
2.65,428.14145
2.69,421.4558
2.56,430.90045
2.68,405.0737
2.7,408.76303
2.76,403.69217
2.82,400.70767
2.83,404.56003
3.01,401.3372
2.96,414.8494
2.84,423.85724
2.91,411.40427
2.87,418.81442
2.99,403.25052
2.96,404.65958
2.98,420.2465
2.88,428.78802
2.9,415.71634
2.97,403.12442
2.94,417.88333
2.99,406.4135
2.89,427.55994
2.92,421.5629
2.86,409.00253
2.96,405.8826
2.89,413.2065
3.15,392.2482
3.1,411.7076
2.98,425.11932
2.91,424.6082
2.9,425.54483
2.79,423.20276
2.73,426.4727
2.81,419.75046
2.61,430.78723
2.61,416.28333
2.66,425.29517
2.52,425.12064
2.43,418.94003
2.73,400.28696
2.62,405.25845
2.83,400.9243
2.95,402.3471
2.98,418.30814
2.79,421.67883
2.75,415.8027
3.02,403.18127
2.86,421.20428
2.82,418.3635
2.87,403.23615
3.12,395.18796
2.92,412.05692
2.87,433.2922
2.29,430.00888
2.3,422.0061
2.31,421.457
2.28,427.4354
2.13,423.67078
2.11,414.9387
2.13,408.3904
2.27,401.66724
2.38,406.62582
2.4,414.5675
2.49,402.14856
2.38,421.43808
2.56,401.56595
2.6,407.66745
2.75,399.32047
2.86,405.54962
2.87,417.95392
2.73,423.54868
2.73,415.09372
2.83,402.66486
2.96,409.63022
2.97,397.96814
3.1,402.95486
3.09,411.24637
3.1,400.14926
3.25,403.8157
3.12,420.19586
3.18,413.5317
3.18,409.05264
3.12,429.06284
3.09,414.80344
3.18,395.12418
3.3,400.4195
3.29,414.51666
3.19,427.33554
2.92,432.2522
2.94,420.40143
2.82,404.44342
3.28,398.87912
3.27,407.43814
3.35,399.11618
3.44,402.22
3.42,417.4992
3.41,411.01712
3.33,428.01602
3.37,405.25226
3.59,400.59396
3.48,424.60007
3.04,432.0647
3.37,405.39053
3.8,401.691
4.3,399.76218
4.38,407.99323
4.35,419.3621
